real_name,column_height,diffusion_coef,ellipse_major_axis,ellipse_minor_axis,tgsd_mean,tgsd_sigma,total_erupted_mass,wind_direction,wind_speed
0,16317.2,4637.96,11594.3,13293.8,-1.59299,1,1e+11,217.087,3.80271
1,23648.7,5563.28,11267,11001,-5,1,1e+11,220.833,8
2,23368.3,5320.66,8300.89,12169,0.482338,1,9.48343e+10,223.865,6.90655
3,18877.4,3075.87,15000,11314.7,2.84283,1,1e+11,216.028,7.57789
4,20148.7,3768.19,10359.8,8307.06,0.690331,1,1e+11,209.626,5.19384
5,19568.2,1524.95,7437.44,9791.62,2.1924,1,1e+11,218.456,5.93864
6,23851.1,6594.08,9201.73,15000,-5,1,9.56736e+10,225,7.2011
7,22786.2,2629.7,11922.8,14536.7,2.97576,1,1e+11,210.463,4.01672
8,19134.2,7292.37,9576.07,8666.38,-4.76347,1,1e+11,213.699,5.549
9,23424.5,4171.91,8987.43,8861.84,-4.72547,1,1e+11,215.169,2.34652
10,22309.1,7393.51,13519.5,11794.4,1.09899,1,9.53984e+10,214.598,4.30315
11,20685.1,1345.63,13405.5,14846.2,-2.28119,1,9.87502e+10,218.545,8
12,16155.5,10000,12672.5,12447.9,-3.93843,1,1e+11,220.326,8
13,18041.2,5047.97,14934.3,13132.1,-0.135774,1,9.78764e+10,216.004,7.65252
14,23499.4,5580.79,15000,14076.7,-5,1,9.46835e+10,215.472,5.11439
15,21971.3,8080.03,8374.18,13127.5,-4.99899,1,9.99732e+10,209.999,4.94246
16,25000,2468.19,12399,8176.09,1.22572,1,1e+11,215.654,6.9909
17,20361.5,8059.95,15000,9280.45,-2.22417,1,1e+11,225,8
18,20361.8,10000,11437.7,13460.1,-1.26923,1,8.99665e+10,220.411,5.19381
19,17155.7,5368.43,8571.81,10705,-1.8924,1,9.49169e+10,212.819,8
20,19119.4,2654.34,15000,12553.1,2.89517,1,1e+11,216.121,3.43801
21,21080.1,10000,10394.7,13898.7,-0.669161,1,9.00958e+10,212.731,1.74877
22,24373.4,10000,11117.9,8325.71,-1.3339,1,9.66556e+10,225,2.63657
23,25000,6842.53,13931.7,11554.1,-3.45501,1,8.41781e+10,217.378,7.10345
24,23482.9,2505.29,12157.5,10978.9,-1.28001,1,1e+11,217.287,3.6333
25,22619.3,5324.09,12559.8,10842.9,-4.43636,1,1e+11,210.709,8
26,21093.4,9032.87,10188.1,11066.5,-0.204656,1,1e+11,220.795,3.10682
27,21409.8,5940.1,7303.06,12447.3,-3.69201,1,1e+11,213.609,5.2152
28,18358.6,5499.01,11372.2,13049.2,1.8605,1,8.12624e+10,224.041,5.19524
29,18769.6,2865.51,15000,13913.8,-3.79343,1,9.66905e+10,218.829,2.23157
30,18234.5,1860.57,15000,15000,-0.103461,1,9.89595e+10,217.73,8
31,18861.6,3285.69,15000,12569.8,-4.20899,1,1e+11,221.775,5.40843
32,20609.9,5765.14,14127.4,14380,0.0581162,1,1e+11,220.653,5.35193
33,19486.8,3386.04,14931.5,10963.1,1.37581,1,9.51274e+10,222.643,1.99168
34,24368.3,7682.11,7958.4,10168.7,-5,1,9.63619e+10,222.639,8
35,23435.4,3081.81,10421.8,13684.1,0.968537,1,1e+11,213.688,4.16594
36,21600,7492.91,10216.3,13363.8,-4.16053,1,1e+11,220.035,8
37,20148.3,9990.3,9200.47,10055.3,-2.3371,1,9.63938e+10,219.023,7.2736
38,23620.5,4998.47,8912.04,8389.02,-3.22014,1,1e+11,217.652,8
39,18310.3,3562.44,9066.89,7758.65,-4.01226,1,9.6169e+10,216.763,8
40,25000,2933.84,12922,12175.7,2.55185,1,1e+11,215.397,3.78883
41,21112.3,2833.22,11172.2,15000,-1.44992,1,9.10505e+10,214.138,5.76996
42,19841.4,10000,13112.2,10945.3,-4.21332,1,9.59884e+10,214.444,2.93251
43,24303.1,4341.79,15000,11095.3,0.469129,1,1e+11,205.045,8
44,16072.4,1931.78,8745,12087.5,0.974294,1,1e+11,217.222,6.29723
45,18349.4,3469.97,13616.2,10322.7,-3.26851,1,1e+11,222.067,8
46,25000,2052.21,9667.8,13693.5,-2.66623,1,9.01844e+10,219.271,8
47,20511.4,6553.7,12164.5,13232.1,-2.70499,1,9.23185e+10,224.613,6.10684
48,22198,9128.33,11349.4,11105.2,-5,1,9.79883e+10,218.334,8
49,19507.4,7953.06,15000,14403,-0.55574,1,1e+11,217.152,4.21332
50,21043.1,6559.32,15000,11817.8,3.04009,1,1e+11,210.431,3.96792
51,17402.4,9146.64,11248.4,10568.1,-5,1,9.63283e+10,220.676,6.4526
52,16726.1,3650.51,15000,14232.2,-4.68941,1,1e+11,210.843,8
53,20575.4,6754.38,8019.98,13825.9,-5,1,9.83487e+10,218.927,4.29001
54,22260.7,1543.73,15000,12130.9,1.13701,1,1e+11,212.162,1.80632
55,23931,5886.58,10614,12286.9,-0.0230027,1,1e+11,209.265,2.31764
56,18423.2,10000,12355.9,15000,-4.98299,1,1e+11,211.791,1.82204
57,23214.8,10000,11401.5,10152.1,-4.7409,1,8.97485e+10,211.212,3.64534
58,15225.7,3304.6,8437.15,12754.3,1.1836,1,8.75977e+10,215.053,3.45501
59,22973.7,3817.28,12440,14890.9,-3.31403,1,9.53395e+10,215.466,2.67584
60,21477.2,2602.34,14583,13516,0.194178,1,8.34196e+10,218.368,3.14986
61,22596.1,3317.51,13982.4,7126.34,-5,1,9.92138e+10,225,2.80009
62,25000,2039.14,12489.7,13003.3,-5,1,1e+11,215.951,3.82101
63,22339.2,6979.77,12933.8,15000,0.247528,1,1e+11,216.801,3.72642
64,18976.5,6514.47,12448,14433.8,0.760373,1,9.42788e+10,216.738,2.28869
65,20380.9,2009.12,7325.44,15000,-0.997301,1,1e+11,219.341,2.774
66,21929.2,8041.9,14871.1,8623.67,-0.367673,1,8.99434e+10,219.164,4.40906
67,23859.9,7257.67,11810.7,9910.14,-1.88781,1,1e+11,218.842,7.20036
68,23364.8,7531.09,10212.9,9794.34,-2.61486,1,1e+11,212.352,4.89263
69,23430.9,10000,15000,9010.4,-2.3226,1,8.45585e+10,219.418,4.79794
70,20703.2,7615.38,9981.42,8715.53,2.62382,1,1e+11,213.971,8
71,19294.2,7056.7,8475.06,13376.7,-2.61752,1,9.91811e+10,214.357,4.18049
72,17676.4,2629.99,13090.8,13154.6,0.400992,1,8.88062e+10,225,8
73,25000,8079.49,11450.2,15000,3.33866,1,1e+11,215.512,3.62395
74,21417.6,6296.63,10961.4,14055.5,-1.89194,1,1e+11,209.48,2.55414
75,19595.1,5172.22,10590.2,10870.2,-2.5751,1,1e+11,213.253,5.1197
76,20851.2,2620.56,11339.3,6356,-0.427263,1,1e+11,213.985,3.30161
77,24291.7,4182.63,11445.6,11749,2.33832,1,9.09894e+10,221.574,6.23281
78,21620.2,3860.27,12860.4,12734.4,1.43009,1,1e+11,217.786,8
79,17461.1,6019.73,11581.9,9333.69,1.98975,1,1e+11,216.806,4.6143
80,25000,2268.57,10975.3,15000,2.16912,1,1e+11,221.638,8
81,19983.5,4109.3,10716.4,12218,-4.94436,1,1e+11,216.74,4.19683
82,20328.9,3991.37,10322.6,8020.41,-0.229287,1,9.73965e+10,217.457,6.44896
83,23989.4,5700.19,9400.84,15000,-5,1,1e+11,210.524,3.34825
84,23354.8,5747.23,10137.9,8771.34,0.291618,1,1e+11,225,1.2595
85,21981.4,3020.48,8425.86,12437.9,-0.536184,1,9.83308e+10,209.771,4.52172
86,25000,7417.42,9212.83,9977.97,-3.38586,1,1e+11,218.572,4.17966
87,23858.1,4465.31,12568.2,15000,-1.83168,1,1e+11,220.041,8
88,18128,8615.73,12559.6,10692.8,-2.56319,1,1e+11,221.184,1.97449
89,16316.4,5855.36,15000,15000,-5,1,1e+11,225,7.51572
90,21467.3,6853.34,10868.4,15000,-5,1,9.89681e+10,215.947,4.43944
91,21792.7,2250.96,9494.44,10506.1,-2.4397,1,8.75851e+10,205.623,4.77174
92,21798.8,6425.45,9967.01,7707.89,-2.59619,1,8.48738e+10,225,6.60304
93,20081.4,3799.03,13658.8,14598.6,-2.07406,1,7.88058e+10,220.747,2.64946
94,21513.6,10000,8793.97,8837.26,-0.905181,1,9.51373e+10,215.786,5.65502
95,22468.5,2169.62,15000,12365.9,-2.30637,1,9.55854e+10,213.707,6.53227
96,22843.4,6516.98,15000,11416.5,-4.81221,1,9.51075e+10,220.049,8
97,22707.6,7519.33,10990.4,14495.4,-1.62914,1,1e+11,222.011,4.06949
98,16811.3,2909.34,13259.7,13798.7,-2.69773,1,9.9051e+10,205.293,8
99,24477.6,3202.91,15000,10760.5,-2.24894,1,1e+11,224.01,3.80798
100,25000,4807.5,12702.4,8407.56,-1.06705,1,1e+11,214.307,4.15405
101,22069.5,4274.51,11197.1,15000,-0.194871,1,1e+11,218.392,3.43331
102,19753.2,5099.6,10104.4,15000,-1.92246,1,1e+11,215.044,4.90878
103,20191.3,6723.03,14327,9933.41,1.64641,1,9.83107e+10,219.232,3.6351
104,20191.1,5888.03,15000,10315.9,-2.89396,1,1e+11,212.931,2.65702
105,17042.6,3954.8,7916.01,10397.8,-3.99354,1,9.80832e+10,216.554,8
106,21980.6,3356.92,15000,10540.1,-1.80647,1,1e+11,218.145,4.42629
107,21052.5,4292.56,10828.1,11088.4,-5,1,9.43074e+10,220.101,3.31782
108,23761.9,5264.97,11734,13933.8,0.978594,1,9.09794e+10,214.06,6.94475
109,25000,6570.56,10040.2,8834.91,-4.00975,1,1e+11,214.831,6.25582
110,18233.8,6227.32,8247.66,6356.51,-5,1,9.40921e+10,218.734,2.97415
111,23956.5,6881.5,11089.6,11099,-1.35464,1,1e+11,209.191,5.27258
112,25000,3764.74,15000,10946,-4.54888,1,7.76417e+10,221.847,4.38936
113,16341.2,4264.96,11340.3,10303.2,-2.77883,1,1e+11,207.779,8
114,21412.8,7907.35,12516.4,12439.7,0.966945,1,1e+11,220.731,3.48058
115,21876.9,2678.8,7364.22,7878.64,-4.94645,1,1e+11,213.777,8
116,20013.4,6687.37,12506,12200.7,-1.3567,1,9.98122e+10,225,4.06388
117,20139.5,6242.45,15000,13870.8,1.32923,1,1e+11,214.647,4.35433
118,18536.6,1765.09,9252.16,11236.9,-0.210566,1,1e+11,211.786,4.45818
119,21049.6,5189.89,12466.9,13242.6,-2.64139,1,9.6097e+10,217.593,2.7014
120,20395.9,3291.28,13911.6,9162.06,-1.84739,1,9.02683e+10,222.293,7.41993
121,25000,3258.09,9001.34,8122.22,-2.43889,1,1e+11,217.421,4.98116
122,25000,1000,9000,7404.44,-5,1,1e+11,211.904,5.91227
123,25000,2672.13,12297,11402.3,-5,1,8.47763e+10,216.621,7.32921
124,25000,7016.87,11963.1,15000,-1.9046,1,8.59908e+10,216.8,8
125,20064.3,6754.82,13197.7,9491.8,-0.0272582,1,9.78259e+10,215.814,6.91581
126,24531.8,10000,13021.2,8949.9,-4.2837,1,9.74058e+10,217.891,3.83816
127,21488.1,3465.36,15000,10379,-4.80978,1,9.4098e+10,217.693,6.38554
128,24506.6,7276.25,9944.71,12778.9,-2.6504,1,9.61919e+10,215.718,5.4467
129,22027.2,6757.46,12948.1,9174.55,0.770115,1,1e+11,218.114,8
130,16093.9,8296.8,9892.09,11211.4,1.13773,1,8.37831e+10,221.099,8
131,18757.9,3722.77,14101.8,8843.1,-5,1,1e+11,223.56,3.14172
132,22487.1,7842.44,10275.8,15000,-5,1,1e+11,218.236,1.99204
133,25000,3332.14,9872.75,15000,-5,1,1e+11,214.597,8
134,22555.8,3883.99,12927.2,9051.49,-3.27237,1,9.26254e+10,220.988,1.98119
135,19407.5,5365.68,13232.8,8484.79,-2.17351,1,8.45209e+10,222.031,4.76363
136,24106.6,3396.6,12095.1,7891.93,-1.24609,1,9.2039e+10,218,3.57984
137,22397.2,2193.52,15000,9849.48,2.58306,1,1e+11,217.067,6.67833
138,15791.6,7691.52,9197.43,15000,-2.20318,1,1e+11,225,2.80233
139,18587.5,1876.64,14375.1,15000,0.605582,1,9.46418e+10,215.501,6.64974
140,21940.7,10000,9804.91,10118,-3.49996,1,9.08853e+10,224.282,3.56174
141,21799.7,2571.15,11924.4,10280.1,-5,1,1e+11,213.703,5.64736
142,20349.3,9300.5,15000,9203.19,-0.896655,1,1e+11,216.758,1.57505
143,17318,2987.36,15000,9650.9,-2.42186,1,1e+11,212.984,2.35144
144,24803.1,2516.89,11296.7,11340.5,0.304604,1,1e+11,211.133,5.14307
145,20594.3,3674.87,9289.02,10726.5,1.69879,1,1e+11,205,4.27855
146,19527.2,1844.23,11086.6,13243.6,-3.37163,1,9.85853e+10,220.353,2.37972
147,19456.8,2553.88,13992.2,11004.7,-4.89085,1,1e+11,211.915,3.63591
148,20316.4,4605.17,12698.3,11228.7,2.15816,1,1e+11,215.618,1.62371
149,21319.7,3557.05,14583.3,10694.9,-2.72442,1,1e+11,214.016,5.69053
150,23264,1000,14988.3,9980.58,1.0127,1,9.9325e+10,216.781,8
151,24120.7,2989.49,11756.2,6542.54,0.899388,1,1e+11,214.404,3.1188
152,21695.7,7778.33,11312.1,15000,-4.37164,1,9.07652e+10,218.183,7.38361
153,25000,7024.89,10996.8,14514.4,-3.56813,1,1e+11,218.613,8
154,24340.7,7392.84,15000,12949,0.245322,1,1e+11,211.971,4.90215
155,24029.7,3130.6,10017.8,15000,-2.13127,1,9.64876e+10,220.703,1.97918
156,21009.8,5034.31,10723.6,10063.3,1.71256,1,9.96538e+10,217.382,2.49096
157,24881.4,10000,10836.3,11110.3,-0.840641,1,8.95988e+10,221.655,2.41193
158,17888.8,10000,8664.93,9056.15,-4.70654,1,1e+11,211.363,4.63221
159,19440.2,4727.44,9281.21,11357.8,-5,1,1e+11,219.734,5.01242
160,16266.4,4471.7,7973.32,11628.9,1.64246,1,1e+11,219.691,8
161,20899,5955.27,10249,12401.3,-1.85019,1,9.87462e+10,221.747,8
162,24047.5,9237.04,14593.9,10531.3,0.773077,1,1e+11,211.411,7.35756
163,17839.8,4720.82,15000,9046.33,-3.22421,1,1e+11,214.184,8
164,18215.8,10000,8800.6,15000,-1.40629,1,9.95945e+10,214.149,4.91352
165,20400.2,4428.4,11701.2,13847.8,-1.50827,1,1e+11,213.975,2.64882
166,19426.2,5250.97,8956.9,15000,-0.444596,1,1e+11,211.811,5.61765
167,20399.8,4437.67,15000,12424.4,-4.20562,1,9.26363e+10,220.062,4.95117
168,22038.1,8272.57,9541.89,15000,1.64312,1,8.98322e+10,212.393,5.92328
169,19924.7,4105.79,15000,10401.8,-4.30002,1,9.31405e+10,212.743,1.76761
170,15981.3,5033.19,11960,13354.1,-1.03556,1,9.6878e+10,214.352,3.24381
171,18985.7,6353.85,13278.9,9645.82,-2.65795,1,8.61312e+10,210.676,4.06347
172,21087.3,2552.47,9114.4,10743.6,-5,1,1e+11,218.183,4.39986
173,16234.9,5396.41,7957.59,13241.1,-2.12541,1,9.26772e+10,222.882,7.21776
174,25000,10000,12627.6,15000,2.05524,1,8.42646e+10,212.013,5.0324
175,22468.6,6395.61,15000,9944.53,-4.49182,1,1e+11,222.941,6.21597
176,24903.9,4038.81,15000,9353.36,-2.87447,1,1e+11,223.238,7.29862
177,16190.3,5041.26,9313.14,9628.12,-2.0354,1,9.54056e+10,210.834,2.9823
178,22422.6,9335.31,8409.26,15000,2.66977,1,1e+11,215.273,4.62883
179,17847.9,6490.64,9485.87,15000,-2.38357,1,8.27802e+10,217.22,5.56058
180,21365.4,2582.08,10203.1,9032.11,-5,1,9.09791e+10,218.616,4.31332
181,18874.3,8261.51,9291.89,11638.3,-5,1,9.52514e+10,214.451,4.718
182,20885,3146.69,6286.81,9631.45,-1.77611,1,9.25931e+10,219.185,4.86687
183,20363.8,5722.96,10275.8,7790.86,-5,1,8.77664e+10,215.806,3.21141
184,22321.9,9365.87,9706.55,9178.01,-0.514241,1,9.61852e+10,211.639,8
185,20237.2,7564.78,10488.1,15000,-5,1,8.4375e+10,216.962,2.5548
186,16391.2,5833.69,10287.1,14185.7,-2.59522,1,8.24039e+10,219.354,6.39672
187,25000,7245.34,13878.9,8750.74,-3.19004,1,1e+11,220.564,4.67694
188,15385.5,4177.47,14919.3,11499.1,1.94112,1,1e+11,213.85,8
189,19968.3,3338.13,8454.91,13752.6,0.451959,1,9.50132e+10,213.94,3.414
190,20572.9,5959.89,13107.6,11318.3,-4.21382,1,1e+11,217.433,6.74996
191,23775.9,8806.01,14374.7,10760.4,-3.06427,1,8.58628e+10,225,3.04733
192,22142.6,5528.55,11002.3,11885.5,-4.0248,1,1e+11,210.573,8
193,17789.2,4563.07,15000,9308.32,1.62896,1,1e+11,225,4.93785
194,20833,1325.86,14073.5,8570.14,-2.41529,1,1e+11,223.669,4.45706
195,18858,5985.13,13301.5,13240.3,-1.93134,1,1e+11,220.943,1.98077
196,19837.8,8588.25,10285.2,12120.5,-1.18371,1,9.68789e+10,215.717,5.01432
197,21416.9,2526.86,7074.92,13676.5,-5,1,9.10343e+10,219.452,2.65383
198,23801.9,6435.42,15000,15000,0.73633,1,1e+11,220.552,8
199,19883.3,3681.17,15000,7849.13,0.611489,1,1e+11,224.304,5.55328
200,20832.2,6066.69,10206.4,14896.5,-3.13357,1,1e+11,216.742,3.73514
201,23229.6,6981.26,10311.6,9865.64,-0.899705,1,9.85861e+10,219.345,2.10019
202,21797.5,3313.06,7273.07,15000,-2.45784,1,9.84305e+10,224.366,5.96492
203,23045.3,3110.17,10085.6,14027.7,2.76887,1,9.31628e+10,225,6.97428
204,25000,3040.83,8335.35,12651.6,-2.09154,1,9.35501e+10,211.277,5.28645
205,18906.5,1981.5,12145.3,11205.3,-4.92478,1,1e+11,212.455,4.14982
206,23760.2,3107.46,11237.7,12566,-1.34125,1,1e+11,212.977,6.71676
207,21695.5,3380.35,13281.8,10102.4,-3.20026,1,1e+11,214.562,4.08036
208,19786.1,2388.48,12131.8,15000,-5,1,1e+11,213.164,7.91694
209,18278.8,1028.69,12600.2,10673.5,2.85591,1,1e+11,215.547,4.06515
210,21042.8,2838.29,6501.55,8177.41,-2.09622,1,9.81123e+10,216.196,4.55554
211,23613.2,1414.21,13524.2,13420.4,-2.2506,1,9.67751e+10,222.448,6.3429
212,18506.7,2840.84,15000,13883.9,-2.7036,1,1e+11,208.397,5.09036
213,23810.2,5891.86,7164.36,8932.88,-1.02825,1,9.94926e+10,215.169,6.65223
214,24132,3250.44,9484.92,10416.3,-2.80249,1,1e+11,221.481,8
215,24432,9086.69,11350.4,9826.8,-0.24544,1,1e+11,223.523,7.34709
216,23322.1,4542.96,12535.4,14531.2,1.09062,1,9.57878e+10,217.944,7.48449
217,21778.8,10000,9723.18,15000,-0.798508,1,9.37899e+10,219.348,3.88422
218,16750.6,1725.69,12799.6,10514.6,-1.43379,1,1e+11,211.2,6.39843
219,18305.2,10000,14822,9561.92,-3.01225,1,8.75079e+10,209.418,6.51393
220,23776.3,2376.21,12219.5,14918.1,-1.16636,1,8.80913e+10,216.269,4.68881
221,18604,6745.85,10593.3,13503.3,1.02583,1,9.17644e+10,211.56,4.58447
222,24818,2787.9,10871.5,7862.39,-0.415634,1,8.51413e+10,214.646,6.63745
223,20166.2,4123.95,8295.79,7905.38,-5,1,1e+11,218.956,4.30034
224,22676.7,4155.88,10505.1,9810.91,-1.20652,1,1e+11,216.184,7.63112
225,25000,2667.23,10018.2,13747.5,-2.64601,1,9.63269e+10,217.65,4.74534
226,15338.5,10000,8868.47,15000,-3.7424,1,9.35645e+10,218.115,4.89458
227,20177.9,3349.04,12361,13727.1,0.31342,1,9.83735e+10,220.936,3.29844
228,15259.4,3487.35,9107.9,13796.8,-4.50838,1,9.47117e+10,212.281,6.06816
229,22008.6,2287.24,10999.3,9682.11,1.42315,1,1e+11,217.857,4.32802
230,18426.8,4763.88,11471.4,12331.5,-1.68344,1,9.98623e+10,215.368,4.97778
231,17995.4,2330.37,12387.1,9494.91,2.57478,1,9.28289e+10,224.097,8
232,21225.2,4306.74,15000,13277.1,-0.945621,1,1e+11,213.274,6.03142
233,21864.2,6150.18,11251.9,13914.9,-0.599558,1,1e+11,218.465,5.41366
234,22892.1,7631.92,9288.16,14293.8,0.735084,1,1e+11,220.814,8
235,17059.8,10000,11602.6,11903.7,-4.83238,1,1e+11,219.889,7.10136
236,19673.3,2922.78,9836.12,13949.7,-4.31041,1,9.14844e+10,211.619,8
237,20439.7,10000,8405.75,10260,-4.11405,1,8.77097e+10,212.967,3.38734
238,19816.1,5044.56,9129.46,15000,-0.103538,1,8.72895e+10,214.408,6.27688
239,22291.4,4807.79,10882.8,13547.6,-2.43178,1,8.90131e+10,215.427,2.26692
240,19458.3,3649.18,15000,12254.1,-0.644061,1,9.73017e+10,214.967,8
241,15044.5,10000,13021,13702.3,-1.50953,1,1e+11,217.34,2.93691
242,19179.1,4275.6,11259,15000,-3.39285,1,1e+11,224.81,5.91118
243,15349.9,2975.72,9953.86,15000,1.09073,1,8.50662e+10,212.561,2.30754
244,25000,3090.18,7076.62,10953.2,-3.53255,1,9.73856e+10,218.356,3.18058
245,21845.8,5292.09,12437.9,12173.2,-2.92491,1,1e+11,217.215,3.28839
246,19099,6483.2,15000,15000,-4.19954,1,1e+11,225,8
247,19590.7,8520.49,10077.1,12808.1,-5,1,1e+11,225,3.38162
248,18897.8,7540.28,8603.26,9114.78,-2.27463,1,1e+11,218.109,6.89303
249,19442.8,9248.89,8020.42,13185.7,-4.24068,1,8.77917e+10,221.985,3.073
250,16406.6,3582.07,9704.03,10493,-1.30825,1,9.47395e+10,207.611,3.21864
251,24392.6,2345.5,12197.6,11556.4,-4.05946,1,9.57496e+10,214.379,8
252,21311.3,4872.49,12065.4,10536.8,-1.64745,1,1e+11,212.556,3.4495
253,21076,3559.05,15000,13023.6,-4.27983,1,1e+11,213.971,8
254,25000,5571.59,11925.7,8069.7,-2.6057,1,1e+11,207.97,2.93755
255,25000,3242.11,9977.43,9228.9,-2.95315,1,9.10756e+10,216.497,8
256,23252.4,2023.38,8756.84,15000,-3.55281,1,9.84602e+10,210.583,2.4067
257,17167.7,4434.73,10547.6,11652.6,-3.6825,1,1e+11,215.602,5.58904
258,15036.7,3306.82,12635.1,13561.3,-4.80975,1,9.46791e+10,216.696,5.99625
259,19096.3,3589.91,9143.69,14244.7,4.40947,1,9.52501e+10,210.635,2.80563
260,16392.9,2529.87,15000,15000,0.218109,1,1e+11,217.034,5.18355
261,22912.1,4838.25,15000,15000,-3.4867,1,1e+11,212.246,5.5463
262,21679.7,10000,12705.5,13470.6,-1.90674,1,9.62293e+10,221.847,2.91759
263,20115.4,2427.03,14798.6,14632,-3.13305,1,9.31305e+10,211.483,5.48163
264,19763.1,5398.28,13225.7,6983.9,-3.11465,1,9.76033e+10,217.47,2.06217
265,21056.8,3682.38,9883.64,11136.4,-0.317388,1,8.04954e+10,223.525,7.68193
266,18621.8,7628.2,14623.7,14130.2,1.5728,1,9.09845e+10,217.6,3.46163
267,24077.2,5564.27,10562.4,15000,0.429589,1,1e+11,217.287,6.93877
268,19813.1,4207.4,11310.6,11052.7,0.138274,1,9.6151e+10,225,4.6371
269,23861,9428.37,10106,8847.58,-2.75195,1,1e+11,217.465,1.6865
270,21440.3,3104.15,14806.3,12132.6,-2.49048,1,1e+11,220.778,6.07611
271,19516.9,4127.37,11552.1,10056.9,-0.117295,1,1e+11,223.904,4.56385
272,23862.4,2987.5,12846.7,10762.1,-2.28809,1,8.60738e+10,217.476,1.76689
273,22553.7,8801.91,7805.13,14097.3,-3.0172,1,9.34298e+10,221.698,7.50493
274,23110.7,4384.92,14958.4,10345.7,-5,1,9.01311e+10,218.514,6.93723
275,25000,3394.65,11755.3,11083.6,-3.90152,1,8.42458e+10,216.441,4.47868
276,21020.1,6758.26,14324.1,15000,0.782522,1,1e+11,212.461,1.81982
277,22763.1,2279.67,12652.8,10702.4,-2.65792,1,9.55483e+10,218.668,8
278,21614.5,3861.93,10272.5,8954.33,-3.83901,1,1e+11,212.687,7.97707
279,18558,8520.32,10130.3,10262.1,-3.66005,1,1e+11,221.364,1.78332
280,19553.2,10000,13595.8,9260.59,-0.582254,1,1e+11,206.236,4.42485
281,19083.6,9716.98,13368.8,10460.3,0.0658975,1,9.49568e+10,215.476,4.40624
282,20053.3,8964.64,8586.39,15000,-1.85332,1,8.90188e+10,220.792,4.28507
283,21021.7,3166.57,10074.3,9114.89,-0.528681,1,1e+11,220.026,6.7399
284,20783.2,4590.39,13881.9,11613.9,3.80067,1,9.34608e+10,219.563,3.66093
285,19689,5928.18,14137.9,8488.02,-3.17919,1,8.71709e+10,223.028,2.42301
286,17914.8,6849.7,9640.57,12637.7,-1.38412,1,1e+11,212.933,6.79422
287,22428.3,6847.45,12213.2,11698.6,-0.828287,1,9.45108e+10,215.36,4.0193
288,23139.4,2440.91,15000,9996.7,-2.68576,1,9.14859e+10,214.869,6.71101
289,19963.3,4004.94,15000,10745.5,-1.85892,1,1e+11,216.872,3.11433
290,20525.1,6551.4,15000,9860.74,-2.58209,1,8.88682e+10,214.229,8
291,16552.1,3893.06,13191.2,12520.2,-4.72227,1,1e+11,214.358,5.85301
292,17704,1661.56,8059.21,10017.5,0.378766,1,1e+11,216.778,4.46026
293,19695.7,4030.8,10197.6,15000,-5,1,8.71626e+10,220.263,7.88003
294,20523.9,2584.73,11881.8,10221,0.568292,1,8.50927e+10,208.795,4.04978
295,22298.3,3897.29,8896.52,14383.3,-1.68745,1,8.46431e+10,219.968,1.30613
296,21123.2,6050.65,10212.3,11317,-2.1983,1,8.53986e+10,217.872,3.75236
297,19537.5,6589.47,11027,9722.56,-5,1,9.75782e+10,212.528,6.95214
298,19177.3,6170.38,11281.2,15000,-3.54884,1,9.09364e+10,225,1.94635
299,19171.4,3809.91,10343.6,12461.8,-1.05038,1,9.27777e+10,221.961,3.22568
300,19277.7,2918.51,15000,9649.37,-3.78334,1,9.05271e+10,220.173,8
301,23790.6,5457.27,10852.3,6797.64,0.860886,1,1e+11,216.609,8
302,22641.1,2384.36,10593.7,11817.9,-1.25316,1,8.97678e+10,206.974,3.54302
303,22790.7,8948.93,6966.53,9059.49,-1.31516,1,1e+11,222.933,4.23059
304,23284,8157.38,13682.4,15000,-1.81934,1,1e+11,214.532,3.4911
305,25000,10000,11175.8,13906.2,-3.97911,1,9.82372e+10,205,5.55995
306,21655.5,10000,15000,11918.3,-5,1,1e+11,212.462,3.72076
307,17162.5,10000,12689.9,11155.9,-1.60358,1,8.82803e+10,221.648,5.55534
308,19497.7,4513.53,11120.9,8222.22,-5,1,8.0123e+10,224.168,3.98538
309,25000,7794.68,8410.23,9569.68,-0.179985,1,1e+11,214.928,5.8526
310,15828.1,5799.04,8547.99,14622.9,-2.47799,1,9.08239e+10,220.65,3.0739
311,25000,5363.71,11419.9,13144.4,3.2704,1,9.36312e+10,219.433,6.14108
312,25000,10000,12285.9,9417.32,-1.54747,1,8.3387e+10,223.991,7.0539
313,21922.8,8255.36,14792.2,8443.79,-2.0204,1,1e+11,220.611,3.37351
314,19975.3,3826.87,9452.4,15000,-1.10553,1,9.93195e+10,220.343,7.28117
315,18184.7,6346.48,11263.7,15000,-2.81268,1,1e+11,216.046,5.70515
316,19404.1,2554.13,11709.6,7756.21,-2.19052,1,9.37208e+10,215.266,6.23133
317,17944.2,4312.68,9440.6,15000,-0.461666,1,9.75513e+10,218.46,5.47456
318,25000,4346.98,11223.2,7516.09,-3.47926,1,9.42534e+10,221.99,8
319,17628.9,4941.52,14336.9,9007.94,-1.68805,1,9.62226e+10,215.777,6.64529
320,22302,2991.75,9228.71,13835.5,-2.72079,1,8.84148e+10,218.108,4.30399
321,18190.3,3532.24,9400.64,8887.2,0.914368,1,1e+11,218.894,3.92823
322,25000,7508.59,15000,14534.1,2.28039,1,8.2608e+10,214.985,5.69485
323,18699.4,2980.99,10677.5,6000,-5,1,9.46779e+10,220.272,3.52432
324,21081.7,1913.96,15000,11248.8,-1.45751,1,9.99819e+10,211.081,5.38119
325,22682,6190.9,7573.95,11290.1,-3.96307,1,9.1721e+10,219.392,2.73835
326,17102.6,8349.81,8319.35,11481.9,-3.53812,1,1e+11,225,3.49223
327,23019.1,1536.85,11664.4,12257.2,-2.71483,1,8.20208e+10,217.116,8
328,20988,2740.16,13997.4,13880.7,-1.92904,1,9.79428e+10,209.159,1.25546
329,20583.1,7796.2,12523.7,9800.13,-2.56578,1,9.69965e+10,219.866,8
330,16549.4,8327.62,8372.08,7905.76,-2.20015,1,9.85635e+10,214.753,4.99593
331,20306.6,3860.38,10685.5,11191.9,-5,1,1e+11,220.822,3.25013
332,22642.3,3028.24,15000,11135.1,-0.825109,1,9.13028e+10,218.055,6.18469
333,24154.1,5769.04,9478.48,7053.95,-3.32271,1,9.34222e+10,222.384,8
334,19304.3,1487.93,13819.5,12235.3,-4.62162,1,9.51715e+10,208.146,7.20108
335,24412.6,8940.33,11448.3,10938.1,-5,1,9.8504e+10,214.715,6.9498
336,24154.1,7859.68,9553.37,11458,-2.7146,1,9.79974e+10,219.031,2.46248
337,19687.2,5017.49,14417.5,9896.84,0.593748,1,1e+11,219.874,2.92406
338,24050.5,2932.18,10227.2,6879.03,-2.28409,1,9.99416e+10,213.095,7.91778
339,15000,5180.13,11789.9,12960.7,-5,1,1e+11,220.256,2.80668
340,19147.2,4058.42,11297.1,15000,-1.50954,1,1e+11,225,5.27424
341,25000,10000,15000,8404.48,-2.54498,1,1e+11,218.193,4.43096
342,22930,4386.73,7887.67,11801.4,1.31259,1,9.55189e+10,215.118,8
343,23695.6,5382.99,13951.5,11289.6,-0.0561334,1,8.86437e+10,225,7.94672
344,23015.2,4587.32,10328.6,11069.1,-2.78525,1,9.59717e+10,221.298,2.63167
345,15879.4,5309.74,10343.1,12120.7,-3.24253,1,1e+11,206.881,7.36358
346,25000,4601.64,11817.9,13019.5,-4.69482,1,1e+11,213.202,6.77224
347,24767.2,2653.68,11783.7,9173.28,2.06464,1,9.87691e+10,219.943,3.41786
348,21973.6,2878.46,10534.6,15000,-0.944977,1,1e+11,216.827,5.61514
349,19730.9,2907.9,10397.3,9711.65,-4.56956,1,9.90973e+10,211.356,3.50777
350,16788.4,2952.24,10243.2,8468.13,-1.37226,1,1e+11,223.939,7.68567
351,19378.4,3106.64,12791.3,6631.74,-5,1,9.58424e+10,225,6.58069
352,17125.4,10000,10543.1,12379.2,-2.07433,1,7.9707e+10,222.389,4.72721
353,19973.5,6926.39,10139.1,9343.26,-5,1,1e+11,211.472,1.81483
354,21881.1,10000,9544.58,10808.9,2.07077,1,8.12534e+10,216.467,3.86388
355,19879.4,5277.53,10595.3,9708.99,-5,1,9.42264e+10,214.309,8
356,16012,1894.41,14132.3,8450.02,-2.98911,1,9.80585e+10,222.2,4.02584
357,25000,2716.84,6925.73,7024.17,0.485948,1,9.46027e+10,218.993,6.00293
358,23023.8,6232.33,12284.7,12162.8,-3.52169,1,9.62041e+10,218.488,8
359,19779.7,3441.75,8649.74,13624.6,-1.09906,1,8.97738e+10,221.144,6.43871
360,23363.3,4171.35,15000,14620.8,-5,1,1e+11,216.364,8
361,18708.9,10000,6989.8,12299.7,3.67474,1,1e+11,223.641,8
362,20017.2,6222.37,15000,7743.73,-1.17488,1,1e+11,225,3.65176
363,18204.5,5066.74,8419.74,15000,0.263301,1,9.43775e+10,213.307,4.15756
364,23585.9,3344.94,10241.3,8643.47,-0.515636,1,9.86769e+10,213.285,3.43493
365,20430.6,2414.59,11817.7,9120.92,0.496154,1,9.52425e+10,215.867,8
366,23565.9,3239.76,8508.17,10388.6,-5,1,1e+11,225,4.47218
367,21646.6,6715.18,13813,15000,-5,1,1e+11,224.245,4.70845
368,22689.2,3093.97,12313.8,11525.4,-1.81802,1,1e+11,211.385,6.62122
369,21700.4,4860.98,13646.8,15000,-5,1,1e+11,224.911,6.61722
370,25000,4785.95,11633.9,13392.9,-1.04574,1,8.91376e+10,215.892,8
371,20501.2,7976.36,13586.7,9093.76,0.273953,1,9.62282e+10,215.859,7.69144
372,21483.5,4771.77,13085.3,15000,1.27426,1,1e+11,219.239,8
373,22721.1,3928.49,15000,12825.4,-0.409185,1,8.59959e+10,212.743,3.97329
374,19284.8,4608.65,10351.5,12724.8,-5,1,1e+11,222.466,3.44767
375,22202,7008.63,12320.9,12893.2,-0.767576,1,8.99237e+10,213.659,7.36597
376,17199.7,10000,12415.6,13154.7,-1.05247,1,7.73297e+10,224.896,4.20729
377,25000,5137.56,6655.46,9638.04,-4.53545,1,9.09615e+10,214.378,4.46428
378,20954.5,7541.77,7233.17,8561.07,-3.95604,1,1e+11,214.21,1.63981
379,18613.5,6380.86,15000,12441.2,-4.00921,1,1e+11,212.389,3.24817
380,22167,2661.79,9106.31,8904.36,-5,1,1e+11,217.156,3.8911
381,21035.8,4495.97,13725.2,6819.06,0.322748,1,1e+11,213.438,8
382,20267.6,3541.83,14070,8196.11,-0.451475,1,7.83638e+10,225,4.57153
383,19525.3,2181.19,11241.9,10102.7,1.19878,1,8.44028e+10,223.577,8
384,17788.2,4294.04,15000,10850.5,0.616427,1,8.82881e+10,221.084,4.135
385,23422.8,3025.65,7225.13,13050.8,-0.658751,1,1e+11,214.239,3.96016
386,21577.8,6615.32,10747.5,12154.4,-4.33115,1,8.09112e+10,209.821,5.35011
387,18757.6,2352.83,10286.6,8124.87,-4.62377,1,9.31226e+10,223.195,3.25346
388,22656,6820.96,15000,10789.8,-4.5048,1,9.78171e+10,222.735,4.88316
389,19987.9,7218.38,10426.5,8128.11,2.56055,1,1e+11,213.043,3.45471
390,23500.9,10000,9788.22,10006.8,-2.02382,1,1e+11,224.976,3.05878
391,18033,3506.82,11369.4,11377.8,-5,1,9.74409e+10,223.235,3.3976
392,18056.9,2500.51,10764.4,13832.1,-5,1,1e+11,223.587,2.81537
393,23064.8,10000,15000,9114.66,-2.09337,1,1e+11,215.102,4.90342
394,25000,4104.44,10446.7,8848.31,0.0105038,1,1e+11,212.143,8
395,21796.6,4673.21,10309.7,13630.2,-0.936647,1,9.27198e+10,218.234,7.18824
396,22881.7,10000,9893.68,10773.1,-2.68069,1,1e+11,224.512,7.27788
397,23655.9,10000,10462.5,14285.6,-1.28848,1,1e+11,206.898,4.18809
398,18045,4565.03,7433.33,14009.2,-2.36613,1,1e+11,219.515,3.81366
399,20254.3,3901.61,8836.08,12224.4,-3.99629,1,1e+11,219.066,4.83304
400,20527.4,3675.12,11476.9,15000,-3.26235,1,9.44141e+10,218.883,5.16176
401,15682,3518.22,12083.9,12398.8,-5,1,1e+11,210.557,5.20715
402,24318.6,4368.26,11029.2,13343.3,1.26179,1,1e+11,221.453,8
403,22676.6,10000,13444.3,15000,-2.76551,1,8.52525e+10,224.963,4.82977
404,21526.1,4856.24,7311.87,9117.08,-3.75568,1,1e+11,223.951,8
405,23499.6,10000,13086.4,10153.1,-0.469312,1,9.11318e+10,210.088,4.40085
406,21730.7,4261.48,9725.18,9299.49,-2.14581,1,9.21635e+10,218.04,7.95687
407,22190.2,2042.16,8248.36,13752.8,-4.53904,1,8.61983e+10,221.144,4.97235
408,25000,3838.61,11963.9,11256.5,-2.04724,1,1e+11,216.635,7.11142
409,20034.4,3904.85,7733.12,15000,-3.3896,1,9.69399e+10,218.884,2.35888
410,24915.6,5522.74,14758.8,8105.59,-1.2248,1,8.13985e+10,216.913,8
411,19562.2,3990.23,9617.03,9453.71,-5,1,1e+11,218.349,5.03042
412,17509,7133.56,9637.63,10825.5,-1.73479,1,1e+11,218.342,4.38803
413,17534.7,7923.65,10408.6,14798.2,-3.53169,1,1e+11,213.64,4.20705
414,17391.3,2371.75,15000,15000,-2.18357,1,9.95367e+10,214.528,6.93335
415,18177,10000,13308.9,11174.3,-3.55873,1,8.00343e+10,218.768,7.80411
416,20252.1,5791.94,7192.83,8807.86,0.657414,1,1e+11,215.037,8
417,24267.7,2023.68,9528.06,9952.95,-1.89361,1,8.96578e+10,209.422,2.5478
418,20785.3,3497.71,9062.47,11266.4,-3.70768,1,1e+11,215.192,2.16356
419,25000,2696.35,12165.4,9757.32,-5,1,1e+11,214.535,8
420,22718.6,7968.58,9552.41,9183.78,-2.63363,1,1e+11,215.116,8
421,25000,7950.35,9164.91,11651.7,-0.109043,1,1e+11,219.364,7.07079
422,19714.7,4374.62,13268.2,9714.71,-2.11391,1,9.80984e+10,219.288,3.95844
423,20580.5,10000,10424.6,10352.9,3.7716,1,1e+11,222.729,8
424,25000,7578.91,11671.9,10805.9,-4.82989,1,1e+11,211.945,7.27363
425,22258.3,2546.7,8305.43,12216.7,-0.0319917,1,9.25322e+10,220.113,4.25898
426,21357.4,3029.22,9071.38,9767.54,-0.765199,1,9.1099e+10,215.467,2.9915
427,20387.6,2740.19,9245.01,11071.4,-4.26268,1,9.89625e+10,216.876,2.44927
428,23973.8,7501.84,8383.46,9046.48,-1.75848,1,9.37967e+10,217.838,5.0701
429,17100,5186.81,15000,9629.07,-3.63858,1,1e+11,217.265,2.0485
430,22814.2,10000,15000,11662.1,-2.20597,1,9.6666e+10,219.635,4.88651
431,24379.8,1518.71,15000,8777.95,-2.14504,1,9.31773e+10,209.795,5.25983
432,18309.1,3239.25,15000,10790.9,0.60868,1,9.30798e+10,216.667,2.21648
433,23682.7,6662.54,9615.27,12175.3,-3.65376,1,1e+11,205,8
434,21494,4407.24,11642.5,12651.5,-2.31132,1,8.83999e+10,223.882,2.89107
435,20346.6,8265.35,8858.09,12640.9,-5,1,9.39277e+10,220.406,8
436,17473.6,3179.93,12117.2,7167.41,0.621931,1,1e+11,213.578,1.30188
437,21831.9,2147.39,11979.8,12937.8,-3.18364,1,1e+11,225,8
438,21647,3616.54,10236.9,10709.1,-4.33517,1,9.92907e+10,218.235,1.49453
439,23572.2,8468.42,10102.5,13569.6,-4.26779,1,9.65887e+10,215.348,4.70933
440,18892.5,3294.01,15000,12659.1,-0.409795,1,1e+11,208.811,5.05106
441,19175.8,4775.43,10217.5,13877.6,-1.51575,1,7.97535e+10,216.742,5.7503
442,20767,10000,10160.1,14677.2,1.75357,1,9.50544e+10,225,4.55927
443,22216,4443.43,13792.5,13226.3,-3.05405,1,9.74248e+10,225,5.4946
444,22573.2,10000,10292.2,10365.5,-0.813216,1,8.33067e+10,216.625,8
445,16729.6,2521.46,9651.22,10114.1,-0.820086,1,9.74706e+10,222.803,2.13746
446,17562.5,1967.57,12657.6,13693.7,-5,1,1e+11,220.669,7.30246
447,20199,6183.04,11392,11714.4,-5,1,9.25506e+10,217.286,8
448,21402.1,10000,13342.5,9987.52,0.151024,1,9.85293e+10,222.508,6.30879
449,21730.7,4118.97,15000,10916,-4.38114,1,1e+11,208.714,8
450,20828.7,4048.6,15000,14779.3,1.59682,1,1e+11,212.334,8
451,22589.9,6647.1,10271.7,15000,-4.56462,1,1e+11,216.238,4.33199
452,22037.2,10000,8073.51,12400.3,-2.16407,1,8.80774e+10,217.775,8
453,20886.9,6239.72,8950.7,10907.6,-1.04968,1,1e+11,217.567,5.11236
454,22611.4,3373.49,9747.45,10209.7,1.19061,1,9.25488e+10,220.509,3.23978
455,23643.6,5057.77,13753.4,13226.3,-2.32005,1,9.30772e+10,216.419,5.14188
456,16131.5,6673.97,7169.48,9561.99,-5,1,9.68141e+10,207.906,8
457,24304.5,4477.06,14690.2,10916.9,-5,1,1e+11,212.506,8
458,22688.2,10000,14050.3,10740.5,0.094084,1,1e+11,219.27,3.94988
459,20368.4,3245.99,14340.1,13328.5,-2.33999,1,1e+11,214.378,3.71811
460,23689.3,3712.53,10437.7,8934.13,-0.688094,1,9.28429e+10,215.853,3.02438
461,25000,10000,10034.3,10801.2,-5,1,9.89302e+10,219.486,3.90163
462,18953.5,3972.93,9251.03,12661.3,-1.35487,1,1e+11,211.374,5.80798
463,24640.5,5110.81,13361.5,15000,-2.4708,1,9.31318e+10,217.241,1.67643
464,25000,2456.86,9177.7,13027,-1.87303,1,9.8827e+10,211.603,3.06251
465,18285.4,7550.71,10247.8,11039.5,-3.14036,1,9.48341e+10,220.12,3.91783
466,25000,3638.7,15000,13353.4,0.551592,1,1e+11,224.548,3.5389
467,22444.5,8078.04,15000,6458.33,0.69942,1,1e+11,215.423,8
468,25000,3196.51,15000,11160.1,-5,1,9.67285e+10,219.356,3.69521
469,19800.7,4529.93,11805,8733.56,2.45412,1,1e+11,215.097,2.63593
470,21549.5,7330.72,11836.1,11439.1,-2.47442,1,1e+11,209.237,3.49529
471,25000,5566.81,15000,8614.15,-5,1,1e+11,219.358,3.57636
472,18279.1,10000,15000,9159.45,-3.43012,1,9.19328e+10,207.68,8
473,18330.4,3714.75,9563.41,15000,-1.78608,1,8.84152e+10,214.481,2.97577
474,21674.1,8145.65,10722,8960.94,-2.64839,1,8.32558e+10,224.668,8
475,22268.9,2636.29,8164.71,9495.45,-5,1,9.48798e+10,213.045,6.06754
476,21521.5,7798.73,14760.8,15000,0.222479,1,9.09636e+10,210.521,5.25116
477,21028.5,8174.51,9892.81,10832.8,-3.08473,1,1e+11,217.298,2.33954
478,16878.2,8035.37,15000,9289.53,-2.41537,1,9.08793e+10,222.74,2.16454
479,24717.6,7794.46,9539.15,10791.8,-4.31116,1,1e+11,218.25,6.86488
480,22037.8,7773,14507.8,9428.02,1.14061,1,9.30637e+10,216.689,8
481,16854.4,4392.84,9068.98,12549.8,-4.05512,1,9.90522e+10,212.247,7.76905
482,25000,7617.94,8529.3,11431.7,0.83462,1,9.96988e+10,225,3.42008
483,20091.6,9814.97,8184.31,6749.56,-1.30767,1,1e+11,218.826,4.36162
484,23101.5,3613.09,8884.44,11108.4,-1.4958,1,1e+11,216.273,8
485,24396.5,10000,10785.8,12298.5,-3.86863,1,9.77934e+10,215.697,5.33581
486,20568.8,2385.72,12185.5,13183.9,-1.79433,1,1e+11,221.247,3.35533
487,21604,10000,13095.4,11801.3,-1.08589,1,1e+11,218.993,2.66948
488,17609,3886.73,13023.2,15000,0.386078,1,1e+11,221.407,7.14548
489,18957.5,6181.68,9559.66,7430.26,-0.953058,1,9.36925e+10,218.911,3.5984
490,23391.2,2993.86,10010.7,13519.3,-0.212119,1,1e+11,212.922,2.63727
491,17313.8,3309.54,13034.5,9796.87,-0.607044,1,8.40498e+10,225,6.39239
492,23561,2416.94,15000,11720.5,1.15039,1,1e+11,225,7.60884
493,20801.3,3216.43,13618.6,15000,-4.09817,1,1e+11,220.502,6.65288
494,24933.3,4843.2,10638.9,14122.8,-1.41726,1,1e+11,209.49,3.83604
495,24192.9,7571.98,10170.6,9130.1,0.451948,1,1e+11,225,1.24113
496,23888.9,1755.39,9619.81,11823.9,-0.782732,1,1e+11,224.475,8
497,21119,7168.69,15000,14124.3,-0.985324,1,9.37693e+10,221.265,5.65248
498,21406.6,10000,12942.5,12455.4,2.54004,1,1e+11,217.671,8
499,21206.4,7287.42,8700.67,7923.02,-0.637795,1,1e+11,214.084,1.95545
