real_name,obs_e:228433.0_n:8192778.0_x:14153_y:4197,obs_e:229788.0_n:8193427.0_x:12798_y:3548,obs_e:231595.0_n:8198480.0_x:10991_y:-1505,obs_e:231694.0_n:8197619.0_x:10892_y:-644,obs_e:233194.0_n:8190440.0_x:9392_y:6535,obs_e:233908.0_n:8189011.0_x:8678_y:7964,obs_e:234195.0_n:8198194.0_x:8391_y:-1219,obs_e:235327.0_n:8184950.0_x:7259_y:12025,obs_e:235614.0_n:8190354.0_x:6972_y:6621,obs_e:235682.0_n:8187652.0_x:6904_y:9323,obs_e:236163.0_n:8190958.0_x:6423_y:6017,obs_e:236538.0_n:8191417.0_x:6048_y:5558,obs_e:237006.0_n:8202926.0_x:5580_y:-5951,obs_e:237454.0_n:8185525.0_x:5132_y:11450,obs_e:237496.0_n:8190167.0_x:5090_y:6808,obs_e:238665.0_n:8188244.0_x:3921_y:8731,obs_e:238954.0_n:8189678.0_x:3632_y:7297,obs_e:239587.0_n:8185586.0_x:2999_y:11389,obs_e:239760.0_n:8190677.0_x:2826_y:6298,obs_e:240931.0_n:8186974.0_x:1655_y:10001,obs_e:241878.0_n:8190407.0_x:708_y:6568,obs_e:244750.0_n:8189532.0_x:-2164_y:7443,obs_e:244814.0_n:8189459.0_x:-2228_y:7516,obs_e:245486.0_n:8201343.0_x:-2900_y:-4368
0,2.26051,2.88358,4.12605,4.24905,3.90016,3.69205,6.17214,2.54212,5.21092,3.80048,5.88964,6.41077,6.4618,3.25419,6.1535,5.24591,6.46799,3.69249,7.64408,4.80489,7.93124,6.83685,6.75479,9.24201
1,2.26051,2.88358,4.12605,4.24905,3.90016,3.69205,6.17214,2.54212,5.21092,3.80048,5.88964,6.41077,6.4618,3.25419,6.1535,5.24591,6.46799,3.69249,7.64408,4.80489,7.93124,6.83685,6.75479,9.24201
2,2.14374,2.73462,3.91291,4.02956,3.69869,3.50133,5.8533,2.4108,4.94174,3.60415,5.5854,6.0796,6.128,3.08609,5.83563,4.97492,6.13387,3.50174,7.24921,4.55669,7.52154,6.48368,6.40586,8.76459
3,2.26051,2.88358,4.12605,4.24905,3.90016,3.69205,6.17214,2.54212,5.21092,3.80048,5.88964,6.41077,6.4618,3.25419,6.1535,5.24591,6.46799,3.69249,7.64408,4.80489,7.93124,6.83685,6.75479,9.24201
4,2.26051,2.88358,4.12605,4.24905,3.90016,3.69205,6.17214,2.54212,5.21092,3.80048,5.88964,6.41077,6.4618,3.25419,6.1535,5.24591,6.46799,3.69249,7.64408,4.80489,7.93124,6.83685,6.75479,9.24201
5,2.26051,2.88358,4.12605,4.24905,3.90016,3.69205,6.17214,2.54212,5.21092,3.80048,5.88964,6.41077,6.4618,3.25419,6.1535,5.24591,6.46799,3.69249,7.64408,4.80489,7.93124,6.83685,6.75479,9.24201
6,2.16271,2.75882,3.94754,4.06522,3.73142,3.53231,5.90511,2.43214,4.98547,3.63605,5.63483,6.13341,6.18223,3.1134,5.88727,5.01895,6.18816,3.53273,7.31336,4.59701,7.5881,6.54106,6.46255,8.84215
7,2.26051,2.88358,4.12605,4.24905,3.90016,3.69205,6.17214,2.54212,5.21092,3.80048,5.88964,6.41077,6.4618,3.25419,6.1535,5.24591,6.46799,3.69249,7.64408,4.80489,7.93124,6.83685,6.75479,9.24201
8,2.26051,2.88358,4.12605,4.24905,3.90016,3.69205,6.17214,2.54212,5.21092,3.80048,5.88964,6.41077,6.4618,3.25419,6.1535,5.24591,6.46799,3.69249,7.64408,4.80489,7.93124,6.83685,6.75479,9.24201
9,2.26051,2.88358,4.12605,4.24905,3.90016,3.69205,6.17214,2.54212,5.21092,3.80048,5.88964,6.41077,6.4618,3.25419,6.1535,5.24591,6.46799,3.69249,7.64408,4.80489,7.93124,6.83685,6.75479,9.24201
10,2.15649,2.75089,3.93618,4.05353,3.72069,3.52216,5.88812,2.42515,4.97113,3.6256,5.61862,6.11577,6.16445,3.10444,5.87034,5.00451,6.17036,3.52257,7.29233,4.58379,7.56628,6.52224,6.44397,8.81672
11,2.23226,2.84754,4.07448,4.19595,3.85142,3.64591,6.095,2.51035,5.14579,3.75298,5.81604,6.33065,6.38104,3.21352,6.0766,5.18035,6.38715,3.64634,7.54854,4.74484,7.83212,6.75141,6.67037,9.1265
12,2.26051,2.88358,4.12605,4.24905,3.90016,3.69205,6.17214,2.54212,5.21092,3.80048,5.88964,6.41077,6.4618,3.25419,6.1535,5.24591,6.46799,3.69249,7.64408,4.80489,7.93124,6.83685,6.75479,9.24201
13,2.21251,2.82234,4.03843,4.15882,3.81733,3.61364,6.04107,2.48814,5.10026,3.71977,5.76457,6.27462,6.32457,3.18508,6.02282,5.1345,6.33063,3.61407,7.48175,4.70285,7.76281,6.69166,6.61135,9.04574
14,2.14033,2.73027,3.90669,4.02316,3.69281,3.49576,5.844,2.40697,4.93388,3.59843,5.57652,6.06994,6.11826,3.08118,5.82635,4.96701,6.12412,3.49618,7.23768,4.54944,7.50958,6.47337,6.39568,8.75066
15,2.25991,2.8828,4.12494,4.24791,3.89911,3.69106,6.17048,2.54144,5.20952,3.79946,5.88806,6.40904,6.46007,3.25332,6.15185,5.2445,6.46625,3.69149,7.64203,4.8036,7.92912,6.83501,6.75298,9.23953
16,2.26051,2.88358,4.12605,4.24905,3.90016,3.69205,6.17214,2.54212,5.21092,3.80048,5.88964,6.41077,6.4618,3.25419,6.1535,5.24591,6.46799,3.69249,7.64408,4.80489,7.93124,6.83685,6.75479,9.24201
17,2.26051,2.88358,4.12605,4.24905,3.90016,3.69205,6.17214,2.54212,5.21092,3.80048,5.88964,6.41077,6.4618,3.25419,6.1535,5.24591,6.46799,3.69249,7.64408,4.80489,7.93124,6.83685,6.75479,9.24201
18,2.0337,2.59426,3.71206,3.82273,3.50884,3.32161,5.55286,2.28706,4.68808,3.41916,5.29871,5.76754,5.81346,2.92768,5.53609,4.71956,5.81902,3.322,6.87711,4.3228,7.13547,6.15088,6.07705,8.31471
19,2.14561,2.737,3.91632,4.03307,3.70191,3.50438,5.8584,2.41291,4.94604,3.6073,5.59026,6.0849,6.13334,3.08878,5.84071,4.97925,6.13921,3.50479,7.25552,4.56066,7.52809,6.48933,6.41144,8.77223
20,2.26051,2.88358,4.12605,4.24905,3.90016,3.69205,6.17214,2.54212,5.21092,3.80048,5.88964,6.41077,6.4618,3.25419,6.1535,5.24591,6.46799,3.69249,7.64408,4.80489,7.93124,6.83685,6.75479,9.24201
21,2.03663,2.59798,3.7174,3.82822,3.51388,3.32638,5.56084,2.29035,4.69482,3.42407,5.30632,5.77583,5.82181,2.93189,5.54404,4.72634,5.82739,3.32677,6.88699,4.32901,7.14572,6.15972,6.08579,8.32666
22,2.18491,2.78714,3.98806,4.10695,3.76972,3.56857,5.96572,2.45711,5.03665,3.67338,5.69267,6.19637,6.24569,3.14536,5.9477,5.07046,6.25167,3.56899,7.38843,4.6442,7.66599,6.6082,6.52889,8.93292
23,1.90286,2.42734,3.47323,3.57677,3.28308,3.1079,5.19559,2.13991,4.38645,3.19917,4.95779,5.39646,5.43942,2.73931,5.1799,4.41591,5.44463,3.10826,6.43464,4.04467,6.67637,5.75513,5.68606,7.77974
24,2.26051,2.88358,4.12605,4.24905,3.90016,3.69205,6.17214,2.54212,5.21092,3.80048,5.88964,6.41077,6.4618,3.25419,6.1535,5.24591,6.46799,3.69249,7.64408,4.80489,7.93124,6.83685,6.75479,9.24201
25,2.26051,2.88358,4.12605,4.24905,3.90016,3.69205,6.17214,2.54212,5.21092,3.80048,5.88964,6.41077,6.4618,3.25419,6.1535,5.24591,6.46799,3.69249,7.64408,4.80489,7.93124,6.83685,6.75479,9.24201
26,2.26051,2.88358,4.12605,4.24905,3.90016,3.69205,6.17214,2.54212,5.21092,3.80048,5.88964,6.41077,6.4618,3.25419,6.1535,5.24591,6.46799,3.69249,7.64408,4.80489,7.93124,6.83685,6.75479,9.24201
27,2.26051,2.88358,4.12605,4.24905,3.90016,3.69205,6.17214,2.54212,5.21092,3.80048,5.88964,6.41077,6.4618,3.25419,6.1535,5.24591,6.46799,3.69249,7.64408,4.80489,7.93124,6.83685,6.75479,9.24201
28,1.83695,2.34327,3.35293,3.45288,3.16936,3.00025,5.01563,2.06579,4.23452,3.08836,4.78606,5.20954,5.25101,2.64443,5.00048,4.26295,5.25604,3.0006,6.21176,3.90457,6.44512,5.55579,5.48911,7.51028
29,2.1857,2.78815,3.9895,4.10843,3.77108,3.56986,5.96787,2.45799,5.03846,3.6747,5.69472,6.1986,6.24794,3.14649,5.94985,5.07229,6.25393,3.57028,7.3911,4.64588,7.66876,6.61058,6.53124,8.93614
30,2.23699,2.85358,4.08312,4.20484,3.85958,3.65363,6.10792,2.51567,5.1567,3.76093,5.82836,6.34406,6.39456,3.22033,6.08947,5.19132,6.40069,3.65406,7.56454,4.7549,7.84872,6.76571,6.68451,9.14584
31,2.26051,2.88358,4.12605,4.24905,3.90016,3.69205,6.17214,2.54212,5.21092,3.80048,5.88964,6.41077,6.4618,3.25419,6.1535,5.24591,6.46799,3.69249,7.64408,4.80489,7.93124,6.83685,6.75479,9.24201
32,2.26051,2.88358,4.12605,4.24905,3.90016,3.69205,6.17214,2.54212,5.21092,3.80048,5.88964,6.41077,6.4618,3.25419,6.1535,5.24591,6.46799,3.69249,7.64408,4.80489,7.93124,6.83685,6.75479,9.24201
33,2.15037,2.74308,3.925,4.04202,3.71012,3.51215,5.8714,2.41826,4.95701,3.6153,5.60267,6.0984,6.14694,3.09563,5.85367,4.9903,6.15283,3.51257,7.27162,4.57077,7.54479,6.50372,6.42566,8.79168
34,2.17827,2.77867,3.97594,4.09447,3.75827,3.55773,5.94759,2.44964,5.02134,3.66221,5.67537,6.17754,6.22671,3.1358,5.92963,5.05506,6.23268,3.55815,7.36598,4.63009,7.6427,6.58812,6.50905,8.90577
35,2.26051,2.88358,4.12605,4.24905,3.90016,3.69205,6.17214,2.54212,5.21092,3.80048,5.88964,6.41077,6.4618,3.25419,6.1535,5.24591,6.46799,3.69249,7.64408,4.80489,7.93124,6.83685,6.75479,9.24201
36,2.26051,2.88358,4.12605,4.24905,3.90016,3.69205,6.17214,2.54212,5.21092,3.80048,5.88964,6.41077,6.4618,3.25419,6.1535,5.24591,6.46799,3.69249,7.64408,4.80489,7.93124,6.83685,6.75479,9.24201
37,2.17899,2.77959,3.97725,4.09582,3.75951,3.5589,5.94956,2.45045,5.023,3.66342,5.67725,6.17958,6.22877,3.13684,5.93159,5.05673,6.23474,3.55932,7.36841,4.63162,7.64523,6.5903,6.5112,8.90872
38,2.26051,2.88358,4.12605,4.24905,3.90016,3.69205,6.17214,2.54212,5.21092,3.80048,5.88964,6.41077,6.4618,3.25419,6.1535,5.24591,6.46799,3.69249,7.64408,4.80489,7.93124,6.83685,6.75479,9.24201
39,2.17391,2.77311,3.96798,4.08627,3.75074,3.5506,5.93568,2.44474,5.01129,3.65488,5.66401,6.16517,6.21424,3.12952,5.91776,5.04493,6.2202,3.55102,7.35123,4.62082,7.62739,6.57493,6.49601,8.88794
40,2.26051,2.88358,4.12605,4.24905,3.90016,3.69205,6.17214,2.54212,5.21092,3.80048,5.88964,6.41077,6.4618,3.25419,6.1535,5.24591,6.46799,3.69249,7.64408,4.80489,7.93124,6.83685,6.75479,9.24201
41,2.05821,2.62551,3.75679,3.86879,3.55112,3.36163,5.61977,2.31462,4.74457,3.46035,5.36255,5.83704,5.8835,2.96296,5.60279,4.77643,5.88914,3.36203,6.95997,4.37488,7.22144,6.22499,6.15027,8.41489
42,2.16983,2.7679,3.96053,4.0786,3.7437,3.54394,5.92454,2.44014,5.00188,3.64802,5.65337,6.15359,6.20258,3.12364,5.90664,5.03546,6.20852,3.54436,7.33742,4.61214,7.61307,6.56258,6.48381,8.87125
43,2.26051,2.88358,4.12605,4.24905,3.90016,3.69205,6.17214,2.54212,5.21092,3.80048,5.88964,6.41077,6.4618,3.25419,6.1535,5.24591,6.46799,3.69249,7.64408,4.80489,7.93124,6.83685,6.75479,9.24201
44,2.26051,2.88358,4.12605,4.24905,3.90016,3.69205,6.17214,2.54212,5.21092,3.80048,5.88964,6.41077,6.4618,3.25419,6.1535,5.24591,6.46799,3.69249,7.64408,4.80489,7.93124,6.83685,6.75479,9.24201
45,2.26051,2.88358,4.12605,4.24905,3.90016,3.69205,6.17214,2.54212,5.21092,3.80048,5.88964,6.41077,6.4618,3.25419,6.1535,5.24591,6.46799,3.69249,7.64408,4.80489,7.93124,6.83685,6.75479,9.24201
46,2.03863,2.60054,3.72105,3.83199,3.51734,3.32965,5.56631,2.2926,4.69944,3.42744,5.31154,5.78151,5.82754,2.93477,5.5495,4.73099,5.83312,3.33005,6.89377,4.33327,7.15275,6.16578,6.09177,8.33485
47,2.08687,2.66208,3.80911,3.92266,3.60057,3.40844,5.69803,2.34685,4.81064,3.50854,5.43723,5.91833,5.96544,3.00422,5.68082,4.84294,5.97115,3.40885,7.0569,4.43581,7.32201,6.31168,6.23593,8.53208
48,2.21504,2.82557,4.04305,4.16358,3.8217,3.61778,6.04798,2.49099,5.10609,3.72403,5.77116,6.2818,6.33181,3.18873,6.02971,5.14038,6.33788,3.61821,7.49031,4.70824,7.7717,6.69932,6.61891,9.05609
49,2.26051,2.88358,4.12605,4.24905,3.90016,3.69205,6.17214,2.54212,5.21092,3.80048,5.88964,6.41077,6.4618,3.25419,6.1535,5.24591,6.46799,3.69249,7.64408,4.80489,7.93124,6.83685,6.75479,9.24201
50,2.26051,2.88358,4.12605,4.24905,3.90016,3.69205,6.17214,2.54212,5.21092,3.80048,5.88964,6.41077,6.4618,3.25419,6.1535,5.24591,6.46799,3.69249,7.64408,4.80489,7.93124,6.83685,6.75479,9.24201
51,2.17752,2.7777,3.97455,4.09304,3.75696,3.55649,5.94552,2.44879,5.01959,3.66094,5.67339,6.17539,6.22454,3.13471,5.92756,5.0533,6.23051,3.55691,7.36341,4.62847,7.64004,6.58582,6.50678,8.90267
52,2.26051,2.88358,4.12605,4.24905,3.90016,3.69205,6.17214,2.54212,5.21092,3.80048,5.88964,6.41077,6.4618,3.25419,6.1535,5.24591,6.46799,3.69249,7.64408,4.80489,7.93124,6.83685,6.75479,9.24201
53,2.22319,2.83596,4.05792,4.17889,3.83576,3.63108,6.07022,2.50015,5.12487,3.73772,5.79239,6.30491,6.3551,3.20045,6.05189,5.15928,6.36118,3.63151,7.51785,4.72555,7.80028,6.72395,6.64325,9.08939
54,2.26051,2.88358,4.12605,4.24905,3.90016,3.69205,6.17214,2.54212,5.21092,3.80048,5.88964,6.41077,6.4618,3.25419,6.1535,5.24591,6.46799,3.69249,7.64408,4.80489,7.93124,6.83685,6.75479,9.24201
55,2.26051,2.88358,4.12605,4.24905,3.90016,3.69205,6.17214,2.54212,5.21092,3.80048,5.88964,6.41077,6.4618,3.25419,6.1535,5.24591,6.46799,3.69249,7.64408,4.80489,7.93124,6.83685,6.75479,9.24201
56,2.26051,2.88358,4.12605,4.24905,3.90016,3.69205,6.17214,2.54212,5.21092,3.80048,5.88964,6.41077,6.4618,3.25419,6.1535,5.24591,6.46799,3.69249,7.64408,4.80489,7.93124,6.83685,6.75479,9.24201
57,2.02878,2.58797,3.70307,3.81346,3.50034,3.31356,5.5394,2.28152,4.67672,3.41087,5.28587,5.75357,5.79937,2.92058,5.52267,4.70812,5.80492,3.31395,6.86045,4.31232,7.11817,6.13597,6.06233,8.29456
58,1.98016,2.52595,3.61432,3.72207,3.41645,3.23415,5.40665,2.22684,4.56464,3.32913,5.15919,5.61568,5.66039,2.85059,5.39032,4.59529,5.66581,3.23453,6.69604,4.20897,6.94759,5.98892,5.91704,8.09578
59,2.15516,2.74919,3.93375,4.05103,3.7184,3.51998,5.88449,2.42365,4.96807,3.62336,5.61516,6.11199,6.16065,3.10253,5.86672,5.00142,6.16655,3.5204,7.28783,4.58096,7.56161,6.51822,6.43999,8.81128
60,1.88571,2.40547,3.44193,3.54454,3.2535,3.07989,5.14878,2.12063,4.34693,3.17034,4.91312,5.34784,5.39041,2.71463,5.13323,4.37612,5.39557,3.08026,6.37666,4.00822,6.61622,5.70327,5.63482,7.70965
61,2.24274,2.86091,4.09361,4.21565,3.8695,3.66302,6.12361,2.52214,5.16995,3.7706,5.84334,6.36036,6.41099,3.2286,6.10512,5.20466,6.41714,3.66345,7.58398,4.76712,7.86889,6.7831,6.70169,9.16934
62,2.26051,2.88358,4.12605,4.24905,3.90016,3.69205,6.17214,2.54212,5.21092,3.80048,5.88964,6.41077,6.4618,3.25419,6.1535,5.24591,6.46799,3.69249,7.64408,4.80489,7.93124,6.83685,6.75479,9.24201
63,2.26051,2.88358,4.12605,4.24905,3.90016,3.69205,6.17214,2.54212,5.21092,3.80048,5.88964,6.41077,6.4618,3.25419,6.1535,5.24591,6.46799,3.69249,7.64408,4.80489,7.93124,6.83685,6.75479,9.24201
64,2.13118,2.7186,3.88999,4.00596,3.67702,3.48082,5.81902,2.39669,4.91279,3.58304,5.55268,6.04399,6.09211,3.06801,5.80145,4.94578,6.09794,3.48123,7.20675,4.53,7.47748,6.4457,6.36834,8.71325
65,2.26051,2.88358,4.12605,4.24905,3.90016,3.69205,6.17214,2.54212,5.21092,3.80048,5.88964,6.41077,6.4618,3.25419,6.1535,5.24591,6.46799,3.69249,7.64408,4.80489,7.93124,6.83685,6.75479,9.24201
66,2.03318,2.59359,3.71111,3.82174,3.50794,3.32076,5.55143,2.28647,4.68688,3.41828,5.29735,5.76606,5.81196,2.92693,5.53467,4.71835,5.81753,3.32115,6.87535,4.32169,7.13363,6.1493,6.07549,8.31258
67,2.26051,2.88358,4.12605,4.24905,3.90016,3.69205,6.17214,2.54212,5.21092,3.80048,5.88964,6.41077,6.4618,3.25419,6.1535,5.24591,6.46799,3.69249,7.64408,4.80489,7.93124,6.83685,6.75479,9.24201
68,2.26051,2.88358,4.12605,4.24905,3.90016,3.69205,6.17214,2.54212,5.21092,3.80048,5.88964,6.41077,6.4618,3.25419,6.1535,5.24591,6.46799,3.69249,7.64408,4.80489,7.93124,6.83685,6.75479,9.24201
69,1.91145,2.43831,3.48892,3.59294,3.29792,3.12194,5.21907,2.14958,4.40627,3.21363,4.98019,5.42085,5.464,2.75169,5.20331,4.43586,5.46923,3.12231,6.46372,4.06294,6.70654,5.78113,5.71175,7.8149
70,2.26051,2.88358,4.12605,4.24905,3.90016,3.69205,6.17214,2.54212,5.21092,3.80048,5.88964,6.41077,6.4618,3.25419,6.1535,5.24591,6.46799,3.69249,7.64408,4.80489,7.93124,6.83685,6.75479,9.24201
71,2.242,2.85996,4.09226,4.21426,3.86822,3.66181,6.1216,2.52131,5.16825,3.76935,5.84141,6.35827,6.40888,3.22754,6.10311,5.20295,6.41502,3.66225,7.58148,4.76555,7.86629,6.78086,6.69948,9.16632
72,2.00747,2.5608,3.66418,3.77342,3.46358,3.27877,5.48124,2.25756,4.62762,3.37506,5.23037,5.69316,5.73848,2.88992,5.46469,4.65869,5.74397,3.27915,6.78841,4.26704,7.04344,6.07155,5.99867,8.20747
73,2.26051,2.88358,4.12605,4.24905,3.90016,3.69205,6.17214,2.54212,5.21092,3.80048,5.88964,6.41077,6.4618,3.25419,6.1535,5.24591,6.46799,3.69249,7.64408,4.80489,7.93124,6.83685,6.75479,9.24201
74,2.26051,2.88358,4.12605,4.24905,3.90016,3.69205,6.17214,2.54212,5.21092,3.80048,5.88964,6.41077,6.4618,3.25419,6.1535,5.24591,6.46799,3.69249,7.64408,4.80489,7.93124,6.83685,6.75479,9.24201
75,2.26051,2.88358,4.12605,4.24905,3.90016,3.69205,6.17214,2.54212,5.21092,3.80048,5.88964,6.41077,6.4618,3.25419,6.1535,5.24591,6.46799,3.69249,7.64408,4.80489,7.93124,6.83685,6.75479,9.24201
76,2.26051,2.88358,4.12605,4.24905,3.90016,3.69205,6.17214,2.54212,5.21092,3.80048,5.88964,6.41077,6.4618,3.25419,6.1535,5.24591,6.46799,3.69249,7.64408,4.80489,7.93124,6.83685,6.75479,9.24201
77,2.05683,2.62375,3.75427,3.86619,3.54873,3.35937,5.616,2.31306,4.74139,3.45803,5.35895,5.83312,5.87955,2.96097,5.59903,4.77322,5.88519,3.35977,6.9553,4.37195,7.2166,6.22081,6.14615,8.40925
78,2.26051,2.88358,4.12605,4.24905,3.90016,3.69205,6.17214,2.54212,5.21092,3.80048,5.88964,6.41077,6.4618,3.25419,6.1535,5.24591,6.46799,3.69249,7.64408,4.80489,7.93124,6.83685,6.75479,9.24201
79,2.26051,2.88358,4.12605,4.24905,3.90016,3.69205,6.17214,2.54212,5.21092,3.80048,5.88964,6.41077,6.4618,3.25419,6.1535,5.24591,6.46799,3.69249,7.64408,4.80489,7.93124,6.83685,6.75479,9.24201
80,2.26051,2.88358,4.12605,4.24905,3.90016,3.69205,6.17214,2.54212,5.21092,3.80048,5.88964,6.41077,6.4618,3.25419,6.1535,5.24591,6.46799,3.69249,7.64408,4.80489,7.93124,6.83685,6.75479,9.24201
81,2.26051,2.88358,4.12605,4.24905,3.90016,3.69205,6.17214,2.54212,5.21092,3.80048,5.88964,6.41077,6.4618,3.25419,6.1535,5.24591,6.46799,3.69249,7.64408,4.80489,7.93124,6.83685,6.75479,9.24201
82,2.20166,2.8085,4.01862,4.13843,3.79862,3.59592,6.01145,2.47594,5.07525,3.70153,5.7363,6.24386,6.29356,3.16946,5.99329,5.10933,6.29959,3.59635,7.44506,4.6798,7.72475,6.65885,6.57893,9.00139
83,2.26051,2.88358,4.12605,4.24905,3.90016,3.69205,6.17214,2.54212,5.21092,3.80048,5.88964,6.41077,6.4618,3.25419,6.1535,5.24591,6.46799,3.69249,7.64408,4.80489,7.93124,6.83685,6.75479,9.24201
84,2.26051,2.88358,4.12605,4.24905,3.90016,3.69205,6.17214,2.54212,5.21092,3.80048,5.88964,6.41077,6.4618,3.25419,6.1535,5.24591,6.46799,3.69249,7.64408,4.80489,7.93124,6.83685,6.75479,9.24201
85,2.22278,2.83545,4.05718,4.17813,3.83506,3.63042,6.06911,2.49969,5.12394,3.73704,5.79133,6.30376,6.35394,3.19987,6.05079,5.15834,6.36003,3.63085,7.51648,4.72469,7.79886,6.72273,6.64204,9.08774
86,2.26051,2.88358,4.12605,4.24905,3.90016,3.69205,6.17214,2.54212,5.21092,3.80048,5.88964,6.41077,6.4618,3.25419,6.1535,5.24591,6.46799,3.69249,7.64408,4.80489,7.93124,6.83685,6.75479,9.24201
87,2.26051,2.88358,4.12605,4.24905,3.90016,3.69205,6.17214,2.54212,5.21092,3.80048,5.88964,6.41077,6.4618,3.25419,6.1535,5.24591,6.46799,3.69249,7.64408,4.80489,7.93124,6.83685,6.75479,9.24201
88,2.26051,2.88358,4.12605,4.24905,3.90016,3.69205,6.17214,2.54212,5.21092,3.80048,5.88964,6.41077,6.4618,3.25419,6.1535,5.24591,6.46799,3.69249,7.64408,4.80489,7.93124,6.83685,6.75479,9.24201
89,2.26051,2.88358,4.12605,4.24905,3.90016,3.69205,6.17214,2.54212,5.21092,3.80048,5.88964,6.41077,6.4618,3.25419,6.1535,5.24591,6.46799,3.69249,7.64408,4.80489,7.93124,6.83685,6.75479,9.24201
90,2.23719,2.85382,4.08347,4.20521,3.85991,3.65395,6.10845,2.51589,5.15715,3.76126,5.82886,6.34461,6.39512,3.22061,6.09,5.19177,6.40124,3.65438,7.5652,4.75531,7.8494,6.7663,6.68509,9.14663
91,1.97987,2.52558,3.6138,3.72154,3.41596,3.23368,5.40587,2.22652,4.56399,3.32865,5.15845,5.61487,5.65957,2.85018,5.38955,4.59463,5.66499,3.23407,6.69507,4.20837,6.94659,5.98806,5.91619,8.09462
92,1.91858,2.4474,3.50193,3.60633,3.31021,3.13358,5.23853,2.1576,4.42271,3.22561,4.99876,5.44106,5.48438,2.76195,5.22271,4.4524,5.48963,3.13395,6.48782,4.0781,6.73155,5.80269,5.73305,7.84404
93,1.78142,2.27243,3.25157,3.3485,3.07355,2.90955,4.86401,2.00334,4.10651,2.995,4.64138,5.05206,5.09227,2.56449,4.84932,4.13408,5.09715,2.90989,6.02398,3.78654,6.25028,5.38784,5.32317,7.28324
94,2.15059,2.74336,3.92541,4.04244,3.71051,3.51252,5.87201,2.41851,4.95753,3.61567,5.60325,6.09903,6.14758,3.09595,5.85427,4.99081,6.15347,3.51293,7.27237,4.57125,7.54557,6.50439,6.42633,8.79259
95,2.16072,2.75628,3.9439,4.06148,3.72798,3.52906,5.89967,2.4299,4.98088,3.6327,5.62964,6.12776,6.17654,3.11053,5.88185,5.01432,6.18246,3.52948,7.30663,4.59278,7.58111,6.53503,6.4566,8.83401
96,2.14992,2.7425,3.92418,4.04117,3.70935,3.51141,5.87017,2.41775,4.95598,3.61454,5.60149,6.09712,6.14566,3.09498,5.85244,4.98925,6.15154,3.51183,7.27009,4.56982,7.54321,6.50236,6.42432,8.78984
97,2.26051,2.88358,4.12605,4.24905,3.90016,3.69205,6.17214,2.54212,5.21092,3.80048,5.88964,6.41077,6.4618,3.25419,6.1535,5.24591,6.46799,3.69249,7.64408,4.80489,7.93124,6.83685,6.75479,9.24201
98,2.23906,2.85621,4.08689,4.20873,3.86315,3.65701,6.11357,2.518,5.16147,3.76441,5.83375,6.34993,6.40048,3.22331,6.0951,5.19612,6.40661,3.65744,7.57153,4.75929,7.85598,6.77197,6.69069,9.1543
99,2.26051,2.88358,4.12605,4.24905,3.90016,3.69205,6.17214,2.54212,5.21092,3.80048,5.88964,6.41077,6.4618,3.25419,6.1535,5.24591,6.46799,3.69249,7.64408,4.80489,7.93124,6.83685,6.75479,9.24201
100,2.26051,2.88358,4.12605,4.24905,3.90016,3.69205,6.17214,2.54212,5.21092,3.80048,5.88964,6.41077,6.4618,3.25419,6.1535,5.24591,6.46799,3.69249,7.64408,4.80489,7.93124,6.83685,6.75479,9.24201
101,2.26051,2.88358,4.12605,4.24905,3.90016,3.69205,6.17214,2.54212,5.21092,3.80048,5.88964,6.41077,6.4618,3.25419,6.1535,5.24591,6.46799,3.69249,7.64408,4.80489,7.93124,6.83685,6.75479,9.24201
102,2.26051,2.88358,4.12605,4.24905,3.90016,3.69205,6.17214,2.54212,5.21092,3.80048,5.88964,6.41077,6.4618,3.25419,6.1535,5.24591,6.46799,3.69249,7.64408,4.80489,7.93124,6.83685,6.75479,9.24201
103,2.22233,2.83487,4.05635,4.17727,3.83427,3.62968,6.06787,2.49918,5.12289,3.73628,5.79015,6.30247,6.35264,3.19922,6.04955,5.15729,6.35872,3.63011,7.51495,4.72372,7.79726,6.72135,6.64069,9.08588
104,2.26051,2.88358,4.12605,4.24905,3.90016,3.69205,6.17214,2.54212,5.21092,3.80048,5.88964,6.41077,6.4618,3.25419,6.1535,5.24591,6.46799,3.69249,7.64408,4.80489,7.93124,6.83685,6.75479,9.24201
105,2.21718,2.82831,4.04696,4.16761,3.8254,3.62128,6.05383,2.4934,5.11104,3.72763,5.77675,6.28789,6.33794,3.19181,6.03555,5.14536,6.34401,3.62171,7.49756,4.71279,7.77922,6.7058,6.62532,9.06486
106,2.26051,2.88358,4.12605,4.24905,3.90016,3.69205,6.17214,2.54212,5.21092,3.80048,5.88964,6.41077,6.4618,3.25419,6.1535,5.24591,6.46799,3.69249,7.64408,4.80489,7.93124,6.83685,6.75479,9.24201
107,2.13183,2.71943,3.89117,4.00717,3.67814,3.48187,5.82078,2.39741,4.91428,3.58413,5.55437,6.04583,6.09395,3.06894,5.8032,4.94728,6.09979,3.48229,7.20893,4.53137,7.47975,6.44765,6.37027,8.71589
108,2.0566,2.62346,3.75385,3.86576,3.54834,3.359,5.61538,2.31281,4.74086,3.45765,5.35836,5.83247,5.8789,2.96064,5.59842,4.77269,5.88454,3.3594,6.95453,4.37146,7.2158,6.22012,6.14547,8.40832
109,2.26051,2.88358,4.12605,4.24905,3.90016,3.69205,6.17214,2.54212,5.21092,3.80048,5.88964,6.41077,6.4618,3.25419,6.1535,5.24591,6.46799,3.69249,7.64408,4.80489,7.93124,6.83685,6.75479,9.24201
110,2.12696,2.71322,3.88228,3.99802,3.66974,3.47392,5.80749,2.39194,4.90306,3.57595,5.54169,6.03202,6.08004,3.06193,5.78995,4.93598,6.08586,3.47433,7.19247,4.52102,7.46267,6.43293,6.35572,8.69599
111,2.26051,2.88358,4.12605,4.24905,3.90016,3.69205,6.17214,2.54212,5.21092,3.80048,5.88964,6.41077,6.4618,3.25419,6.1535,5.24591,6.46799,3.69249,7.64408,4.80489,7.93124,6.83685,6.75479,9.24201
112,1.7551,2.23886,3.20353,3.29904,3.02815,2.86657,4.79216,1.97375,4.04585,2.95076,4.57282,4.97743,5.01705,2.52661,4.77768,4.07301,5.02186,2.86691,5.93499,3.7306,6.15795,5.30825,5.24454,7.17565
113,2.26051,2.88358,4.12605,4.24905,3.90016,3.69205,6.17214,2.54212,5.21092,3.80048,5.88964,6.41077,6.4618,3.25419,6.1535,5.24591,6.46799,3.69249,7.64408,4.80489,7.93124,6.83685,6.75479,9.24201
114,2.26051,2.88358,4.12605,4.24905,3.90016,3.69205,6.17214,2.54212,5.21092,3.80048,5.88964,6.41077,6.4618,3.25419,6.1535,5.24591,6.46799,3.69249,7.64408,4.80489,7.93124,6.83685,6.75479,9.24201
115,2.26051,2.88358,4.12605,4.24905,3.90016,3.69205,6.17214,2.54212,5.21092,3.80048,5.88964,6.41077,6.4618,3.25419,6.1535,5.24591,6.46799,3.69249,7.64408,4.80489,7.93124,6.83685,6.75479,9.24201
116,2.25627,2.87816,4.1183,4.24108,3.89284,3.68512,6.16055,2.53735,5.20113,3.79334,5.87858,6.39873,6.44967,3.24808,6.14194,5.23606,6.45584,3.68555,7.62972,4.79587,7.91635,6.82401,6.74211,9.22465
117,2.26051,2.88358,4.12605,4.24905,3.90016,3.69205,6.17214,2.54212,5.21092,3.80048,5.88964,6.41077,6.4618,3.25419,6.1535,5.24591,6.46799,3.69249,7.64408,4.80489,7.93124,6.83685,6.75479,9.24201
118,2.26051,2.88358,4.12605,4.24905,3.90016,3.69205,6.17214,2.54212,5.21092,3.80048,5.88964,6.41077,6.4618,3.25419,6.1535,5.24591,6.46799,3.69249,7.64408,4.80489,7.93124,6.83685,6.75479,9.24201
119,2.17229,2.77103,3.96501,4.08321,3.74794,3.54795,5.93124,2.44291,5.00754,3.65214,5.65977,6.16055,6.2096,3.12718,5.91333,5.04116,6.21554,3.54837,7.34573,4.61736,7.62169,6.57001,6.49115,8.88129
120,2.04053,2.60296,3.72451,3.83555,3.52061,3.33275,5.57149,2.29473,4.70381,3.43063,5.31648,5.78689,5.83296,2.9375,5.55466,4.73539,5.83854,3.33314,6.90018,4.3373,7.1594,6.17151,6.09744,8.3426
121,2.26051,2.88358,4.12605,4.24905,3.90016,3.69205,6.17214,2.54212,5.21092,3.80048,5.88964,6.41077,6.4618,3.25419,6.1535,5.24591,6.46799,3.69249,7.64408,4.80489,7.93124,6.83685,6.75479,9.24201
122,2.26051,2.88358,4.12605,4.24905,3.90016,3.69205,6.17214,2.54212,5.21092,3.80048,5.88964,6.41077,6.4618,3.25419,6.1535,5.24591,6.46799,3.69249,7.64408,4.80489,7.93124,6.83685,6.75479,9.24201
123,1.91638,2.44459,3.49791,3.60219,3.30641,3.12998,5.23251,2.15512,4.41762,3.2219,4.99302,5.43481,5.47807,2.75878,5.21671,4.44728,5.48332,3.13035,6.48036,4.07341,6.72381,5.79603,5.72646,7.83503
124,1.94383,2.47961,3.54802,3.6538,3.35378,3.17482,5.30747,2.18599,4.48091,3.26806,5.06455,5.51267,5.55655,2.7983,5.29145,4.511,5.56188,3.1752,6.57321,4.13177,6.82014,5.87906,5.8085,7.94728
125,2.21137,2.82089,4.03634,4.15667,3.81537,3.61178,6.03795,2.48686,5.09763,3.71785,5.7616,6.27139,6.32131,3.18344,6.01972,5.13186,6.32737,3.61221,7.47789,4.70043,7.75881,6.68821,6.60794,9.04108
126,2.20187,2.80877,4.01901,4.13882,3.79898,3.59627,6.01202,2.47618,5.07574,3.70188,5.73685,6.24446,6.29417,3.16977,5.99387,5.10982,6.3002,3.59669,7.44578,4.68024,7.72549,6.65949,6.57956,9.00225
127,2.1271,2.71339,3.88253,3.99827,3.66997,3.47414,5.80786,2.39209,4.90337,3.57617,5.54203,6.0324,6.08042,3.06212,5.79032,4.93629,6.08625,3.47455,7.19292,4.52131,7.46314,6.43334,6.35612,8.69654
128,2.17443,2.77377,3.96892,4.08725,3.75164,3.55145,5.9371,2.44532,5.01248,3.65575,5.66536,6.16664,6.21573,3.13027,5.91917,5.04614,6.22168,3.55187,7.35299,4.62192,7.62922,6.5765,6.49757,8.89006
129,2.26051,2.88358,4.12605,4.24905,3.90016,3.69205,6.17214,2.54212,5.21092,3.80048,5.88964,6.41077,6.4618,3.25419,6.1535,5.24591,6.46799,3.69249,7.64408,4.80489,7.93124,6.83685,6.75479,9.24201
130,1.89393,2.41595,3.45693,3.55999,3.26767,3.09331,5.17121,2.12987,4.36587,3.18416,4.93452,5.37114,5.41389,2.72646,5.15559,4.39518,5.41908,3.09368,6.40444,4.02569,6.64504,5.72812,5.65937,7.74323
131,2.26051,2.88358,4.12605,4.24905,3.90016,3.69205,6.17214,2.54212,5.21092,3.80048,5.88964,6.41077,6.4618,3.25419,6.1535,5.24591,6.46799,3.69249,7.64408,4.80489,7.93124,6.83685,6.75479,9.24201
132,2.26051,2.88358,4.12605,4.24905,3.90016,3.69205,6.17214,2.54212,5.21092,3.80048,5.88964,6.41077,6.4618,3.25419,6.1535,5.24591,6.46799,3.69249,7.64408,4.80489,7.93124,6.83685,6.75479,9.24201
133,2.26051,2.88358,4.12605,4.24905,3.90016,3.69205,6.17214,2.54212,5.21092,3.80048,5.88964,6.41077,6.4618,3.25419,6.1535,5.24591,6.46799,3.69249,7.64408,4.80489,7.93124,6.83685,6.75479,9.24201
134,2.09381,2.67092,3.82177,3.9357,3.61254,3.41977,5.71697,2.35465,4.82663,3.52021,5.4553,5.93799,5.98527,3.0142,5.6997,4.85904,5.991,3.42018,7.08035,4.45055,7.34635,6.33266,6.25665,8.56044
135,1.91061,2.43723,3.48737,3.59134,3.29645,3.12055,5.21675,2.14863,4.40432,3.2122,4.97798,5.41844,5.46157,2.75047,5.201,4.43389,5.4668,3.12092,6.46085,4.06114,6.70356,5.77857,5.70922,7.81143
136,2.08055,2.65402,3.79757,3.91079,3.58967,3.39812,5.68078,2.33975,4.79608,3.49792,5.42077,5.90041,5.94738,2.99512,5.66362,4.82828,5.95307,3.39853,7.03553,4.42238,7.29984,6.29257,6.21704,8.50625
137,2.26051,2.88358,4.12605,4.24905,3.90016,3.69205,6.17214,2.54212,5.21092,3.80048,5.88964,6.41077,6.4618,3.25419,6.1535,5.24591,6.46799,3.69249,7.64408,4.80489,7.93124,6.83685,6.75479,9.24201
138,2.26051,2.88358,4.12605,4.24905,3.90016,3.69205,6.17214,2.54212,5.21092,3.80048,5.88964,6.41077,6.4618,3.25419,6.1535,5.24591,6.46799,3.69249,7.64408,4.80489,7.93124,6.83685,6.75479,9.24201
139,2.13939,2.72907,3.90496,4.02138,3.69118,3.49422,5.84142,2.40591,4.93171,3.59684,5.57406,6.06726,6.11556,3.07982,5.82378,4.96482,6.12142,3.49463,7.23449,4.54744,7.50627,6.47051,6.39285,8.7468
140,2.05448,2.62075,3.74997,3.86177,3.54467,3.35553,5.60957,2.31042,4.73596,3.45408,5.35282,5.82644,5.87283,2.95758,5.59263,4.76776,5.87845,3.35593,6.94735,4.36694,7.20834,6.21369,6.13912,8.39963
141,2.26051,2.88358,4.12605,4.24905,3.90016,3.69205,6.17214,2.54212,5.21092,3.80048,5.88964,6.41077,6.4618,3.25419,6.1535,5.24591,6.46799,3.69249,7.64408,4.80489,7.93124,6.83685,6.75479,9.24201
142,2.26051,2.88358,4.12605,4.24905,3.90016,3.69205,6.17214,2.54212,5.21092,3.80048,5.88964,6.41077,6.4618,3.25419,6.1535,5.24591,6.46799,3.69249,7.64408,4.80489,7.93124,6.83685,6.75479,9.24201
143,2.26051,2.88358,4.12605,4.24905,3.90016,3.69205,6.17214,2.54212,5.21092,3.80048,5.88964,6.41077,6.4618,3.25419,6.1535,5.24591,6.46799,3.69249,7.64408,4.80489,7.93124,6.83685,6.75479,9.24201
144,2.26051,2.88358,4.12605,4.24905,3.90016,3.69205,6.17214,2.54212,5.21092,3.80048,5.88964,6.41077,6.4618,3.25419,6.1535,5.24591,6.46799,3.69249,7.64408,4.80489,7.93124,6.83685,6.75479,9.24201
145,2.26051,2.88358,4.12605,4.24905,3.90016,3.69205,6.17214,2.54212,5.21092,3.80048,5.88964,6.41077,6.4618,3.25419,6.1535,5.24591,6.46799,3.69249,7.64408,4.80489,7.93124,6.83685,6.75479,9.24201
146,2.22853,2.84278,4.06767,4.18894,3.84498,3.63982,6.08482,2.50616,5.1372,3.74671,5.80632,6.32007,6.37038,3.20815,6.06644,5.17169,6.37648,3.64025,7.53593,4.73692,7.81904,6.74012,6.65923,9.11125
147,2.26051,2.88358,4.12605,4.24905,3.90016,3.69205,6.17214,2.54212,5.21092,3.80048,5.88964,6.41077,6.4618,3.25419,6.1535,5.24591,6.46799,3.69249,7.64408,4.80489,7.93124,6.83685,6.75479,9.24201
148,2.26051,2.88358,4.12605,4.24905,3.90016,3.69205,6.17214,2.54212,5.21092,3.80048,5.88964,6.41077,6.4618,3.25419,6.1535,5.24591,6.46799,3.69249,7.64408,4.80489,7.93124,6.83685,6.75479,9.24201
149,2.26051,2.88358,4.12605,4.24905,3.90016,3.69205,6.17214,2.54212,5.21092,3.80048,5.88964,6.41077,6.4618,3.25419,6.1535,5.24591,6.46799,3.69249,7.64408,4.80489,7.93124,6.83685,6.75479,9.24201
150,2.24525,2.86411,4.0982,4.22037,3.87384,3.66713,6.13048,2.52497,5.17575,3.77482,5.84989,6.36749,6.41818,3.23222,6.11196,5.2105,6.42433,3.66756,7.59248,4.77246,7.87771,6.7907,6.7092,9.17962
151,2.26051,2.88358,4.12605,4.24905,3.90016,3.69205,6.17214,2.54212,5.21092,3.80048,5.88964,6.41077,6.4618,3.25419,6.1535,5.24591,6.46799,3.69249,7.64408,4.80489,7.93124,6.83685,6.75479,9.24201
152,2.05176,2.61729,3.74502,3.85666,3.53999,3.35109,5.60216,2.30736,4.7297,3.44951,5.34575,5.81875,5.86507,2.95367,5.58524,4.76146,5.87068,3.35149,6.93816,4.36117,7.19881,6.20548,6.131,8.38853
153,2.26051,2.88358,4.12605,4.24905,3.90016,3.69205,6.17214,2.54212,5.21092,3.80048,5.88964,6.41077,6.4618,3.25419,6.1535,5.24591,6.46799,3.69249,7.64408,4.80489,7.93124,6.83685,6.75479,9.24201
154,2.26051,2.88358,4.12605,4.24905,3.90016,3.69205,6.17214,2.54212,5.21092,3.80048,5.88964,6.41077,6.4618,3.25419,6.1535,5.24591,6.46799,3.69249,7.64408,4.80489,7.93124,6.83685,6.75479,9.24201
155,2.18112,2.7823,3.98113,4.09981,3.76317,3.56237,5.95535,2.45283,5.02789,3.66699,5.68278,6.1856,6.23484,3.13989,5.93736,5.06165,6.24081,3.56279,7.37559,4.63613,7.65267,6.59671,6.51754,8.91739
156,2.25269,2.8736,4.11176,4.23435,3.88666,3.67927,6.15077,2.53332,5.19288,3.78732,5.86925,6.38857,6.43943,3.24292,6.1322,5.22775,6.4456,3.6797,7.61762,4.78826,7.90379,6.81318,6.73141,9.21001
157,2.02539,2.58365,3.69689,3.8071,3.4945,3.30803,5.53016,2.27771,4.66892,3.40518,5.27705,5.74397,5.78969,2.91571,5.51346,4.70027,5.79524,3.30842,6.849,4.30513,7.1063,6.12573,6.05221,8.28073
158,2.26051,2.88358,4.12605,4.24905,3.90016,3.69205,6.17214,2.54212,5.21092,3.80048,5.88964,6.41077,6.4618,3.25419,6.1535,5.24591,6.46799,3.69249,7.64408,4.80489,7.93124,6.83685,6.75479,9.24201
159,2.26051,2.88358,4.12605,4.24905,3.90016,3.69205,6.17214,2.54212,5.21092,3.80048,5.88964,6.41077,6.4618,3.25419,6.1535,5.24591,6.46799,3.69249,7.64408,4.80489,7.93124,6.83685,6.75479,9.24201
160,2.26051,2.88358,4.12605,4.24905,3.90016,3.69205,6.17214,2.54212,5.21092,3.80048,5.88964,6.41077,6.4618,3.25419,6.1535,5.24591,6.46799,3.69249,7.64408,4.80489,7.93124,6.83685,6.75479,9.24201
161,2.23217,2.84742,4.07431,4.19578,3.85126,3.64576,6.09475,2.51025,5.14558,3.75283,5.81579,6.33038,6.38078,3.21339,6.07634,5.18013,6.38689,3.64619,7.54823,4.74465,7.8318,6.75113,6.6701,9.12613
162,2.26051,2.88358,4.12605,4.24905,3.90016,3.69205,6.17214,2.54212,5.21092,3.80048,5.88964,6.41077,6.4618,3.25419,6.1535,5.24591,6.46799,3.69249,7.64408,4.80489,7.93124,6.83685,6.75479,9.24201
163,2.26051,2.88358,4.12605,4.24905,3.90016,3.69205,6.17214,2.54212,5.21092,3.80048,5.88964,6.41077,6.4618,3.25419,6.1535,5.24591,6.46799,3.69249,7.64408,4.80489,7.93124,6.83685,6.75479,9.24201
164,2.25135,2.87189,4.10932,4.23182,3.88435,3.67708,6.14711,2.53182,5.18979,3.78507,5.86576,6.38477,6.4356,3.24099,6.12855,5.22464,6.44176,3.67751,7.61308,4.78541,7.89909,6.80913,6.72741,9.20453
165,2.26051,2.88358,4.12605,4.24905,3.90016,3.69205,6.17214,2.54212,5.21092,3.80048,5.88964,6.41077,6.4618,3.25419,6.1535,5.24591,6.46799,3.69249,7.64408,4.80489,7.93124,6.83685,6.75479,9.24201
166,2.26051,2.88358,4.12605,4.24905,3.90016,3.69205,6.17214,2.54212,5.21092,3.80048,5.88964,6.41077,6.4618,3.25419,6.1535,5.24591,6.46799,3.69249,7.64408,4.80489,7.93124,6.83685,6.75479,9.24201
167,2.09405,2.67124,3.82222,3.93616,3.61296,3.42017,5.71764,2.35493,4.8272,3.52062,5.45594,5.93869,5.98597,3.01456,5.70037,4.85961,5.9917,3.42058,7.08119,4.45107,7.34721,6.3334,6.25739,8.56145
168,2.03067,2.59038,3.70652,3.81702,3.5036,3.31665,5.54457,2.28365,4.68108,3.41405,5.29079,5.75893,5.80478,2.92331,5.52782,4.71251,5.81034,3.31704,6.86684,4.31634,7.12481,6.14169,6.06798,8.3023
169,2.10545,2.68578,3.84302,3.95759,3.63263,3.43879,5.74876,2.36775,4.85347,3.53978,5.48564,5.97102,6.01855,3.03097,5.7314,4.88606,6.02431,3.4392,7.11973,4.4753,7.3872,6.36787,6.29145,8.60805
170,2.18994,2.79355,3.99723,4.1164,3.7784,3.57678,5.97945,2.46276,5.04824,3.68183,5.70577,6.21062,6.26006,3.15259,5.96139,5.08213,6.26606,3.57721,7.40543,4.65489,7.68363,6.6234,6.54391,8.95347
171,1.94701,2.48366,3.55381,3.65976,3.35925,3.18,5.31614,2.18956,4.48823,3.27339,5.07282,5.52167,5.56562,2.80287,5.30008,4.51836,5.57095,3.18038,6.58393,4.13851,6.83127,5.88866,5.81798,7.96025
172,2.26051,2.88358,4.12605,4.24905,3.90016,3.69205,6.17214,2.54212,5.21092,3.80048,5.88964,6.41077,6.4618,3.25419,6.1535,5.24591,6.46799,3.69249,7.64408,4.80489,7.93124,6.83685,6.75479,9.24201
173,2.09498,2.67242,3.8239,3.9379,3.61456,3.42169,5.72017,2.35597,4.82933,3.52218,5.45836,5.94132,5.98861,3.01589,5.70289,4.86176,5.99435,3.42209,7.08432,4.45304,7.35046,6.3362,6.26015,8.56523
174,1.90481,2.42984,3.4768,3.58045,3.28645,3.11109,5.20093,2.14211,4.39096,3.20246,4.96288,5.402,5.44501,2.74213,5.18522,4.42044,5.45022,3.11146,6.44125,4.04882,6.68323,5.76104,5.6919,7.78774
175,2.26051,2.88358,4.12605,4.24905,3.90016,3.69205,6.17214,2.54212,5.21092,3.80048,5.88964,6.41077,6.4618,3.25419,6.1535,5.24591,6.46799,3.69249,7.64408,4.80489,7.93124,6.83685,6.75479,9.24201
176,2.26051,2.88358,4.12605,4.24905,3.90016,3.69205,6.17214,2.54212,5.21092,3.80048,5.88964,6.41077,6.4618,3.25419,6.1535,5.24591,6.46799,3.69249,7.64408,4.80489,7.93124,6.83685,6.75479,9.24201
177,2.15666,2.75109,3.93648,4.05384,3.72097,3.52242,5.88857,2.42533,4.97151,3.62587,5.61905,6.11623,6.16492,3.10468,5.87078,5.00489,6.17082,3.52284,7.29288,4.58414,7.56685,6.52274,6.44445,8.81739
178,2.26051,2.88358,4.12605,4.24905,3.90016,3.69205,6.17214,2.54212,5.21092,3.80048,5.88964,6.41077,6.4618,3.25419,6.1535,5.24591,6.46799,3.69249,7.64408,4.80489,7.93124,6.83685,6.75479,9.24201
179,1.87126,2.38703,3.41555,3.51737,3.22856,3.05628,5.10931,2.10438,4.31361,3.14604,4.87546,5.30684,5.34909,2.69382,5.09388,4.34257,5.35421,3.05665,6.32778,3.9775,6.5655,5.65956,5.59163,7.65055
180,2.05659,2.62345,3.75384,3.86575,3.54833,3.35899,5.61536,2.3128,4.74085,3.45764,5.35834,5.83246,5.87889,2.96063,5.5984,4.77268,5.88452,3.35939,6.95451,4.37145,7.21578,6.2201,6.14545,8.40829
181,2.15317,2.74665,3.93012,4.04728,3.71496,3.51673,5.87905,2.42141,4.96347,3.62001,5.60996,6.10634,6.15495,3.09966,5.86129,4.9968,6.16085,3.51714,7.28109,4.57673,7.55462,6.51219,6.43403,8.80314
182,2.09308,2.66999,3.82043,3.93433,3.61128,3.41858,5.71497,2.35383,4.82495,3.51898,5.4534,5.93593,5.98318,3.01315,5.69771,4.85735,5.98891,3.41899,7.07789,4.449,7.34378,6.33045,6.25447,8.55746
183,1.98397,2.53081,3.62128,3.72924,3.42303,3.24038,5.41707,2.23113,4.57344,3.33554,5.16913,5.6265,5.67129,2.85608,5.40071,4.60414,5.67672,3.24076,6.70893,4.21708,6.96097,6.00046,5.92844,8.11138
184,2.17428,2.77358,3.96864,4.08696,3.75138,3.5512,5.93668,2.44515,5.01213,3.6555,5.66496,6.1662,6.21529,3.13005,5.91875,5.04578,6.22124,3.55162,7.35247,4.62159,7.62868,6.57603,6.49711,8.88944
185,1.90731,2.43302,3.48135,3.58514,3.29076,3.11517,5.20775,2.14492,4.39672,3.20665,4.96939,5.40909,5.45214,2.74572,5.19202,4.42624,5.45737,3.11553,6.44969,4.05413,6.69199,5.76859,5.69936,7.79795
186,1.86275,2.37618,3.40002,3.50139,3.21388,3.04239,5.08608,2.09481,4.294,3.13174,4.8533,5.28272,5.32477,2.68158,5.07072,4.32283,5.32988,3.04275,6.29902,3.95942,6.53566,5.63383,5.56621,7.61577
187,2.26051,2.88358,4.12605,4.24905,3.90016,3.69205,6.17214,2.54212,5.21092,3.80048,5.88964,6.41077,6.4618,3.25419,6.1535,5.24591,6.46799,3.69249,7.64408,4.80489,7.93124,6.83685,6.75479,9.24201
188,2.26051,2.88358,4.12605,4.24905,3.90016,3.69205,6.17214,2.54212,5.21092,3.80048,5.88964,6.41077,6.4618,3.25419,6.1535,5.24591,6.46799,3.69249,7.64408,4.80489,7.93124,6.83685,6.75479,9.24201
189,2.14779,2.73978,3.92029,4.03716,3.70567,3.50793,5.86435,2.41535,4.95106,3.61096,5.59594,6.09108,6.13956,3.09191,5.84664,4.98431,6.14544,3.50835,7.26288,4.56528,7.53573,6.49591,6.41795,8.78113
190,2.26051,2.88358,4.12605,4.24905,3.90016,3.69205,6.17214,2.54212,5.21092,3.80048,5.88964,6.41077,6.4618,3.25419,6.1535,5.24591,6.46799,3.69249,7.64408,4.80489,7.93124,6.83685,6.75479,9.24201
191,1.94094,2.47592,3.54274,3.64835,3.34878,3.17009,5.29957,2.18274,4.47424,3.26319,5.05701,5.50446,5.54828,2.79414,5.28356,4.50428,5.55359,3.17047,6.56342,4.12561,6.80999,5.87031,5.79985,7.93544
192,2.26051,2.88358,4.12605,4.24905,3.90016,3.69205,6.17214,2.54212,5.21092,3.80048,5.88964,6.41077,6.4618,3.25419,6.1535,5.24591,6.46799,3.69249,7.64408,4.80489,7.93124,6.83685,6.75479,9.24201
193,2.26051,2.88358,4.12605,4.24905,3.90016,3.69205,6.17214,2.54212,5.21092,3.80048,5.88964,6.41077,6.4618,3.25419,6.1535,5.24591,6.46799,3.69249,7.64408,4.80489,7.93124,6.83685,6.75479,9.24201
194,2.26051,2.88358,4.12605,4.24905,3.90016,3.69205,6.17214,2.54212,5.21092,3.80048,5.88964,6.41077,6.4618,3.25419,6.1535,5.24591,6.46799,3.69249,7.64408,4.80489,7.93124,6.83685,6.75479,9.24201
195,2.26051,2.88358,4.12605,4.24905,3.90016,3.69205,6.17214,2.54212,5.21092,3.80048,5.88964,6.41077,6.4618,3.25419,6.1535,5.24591,6.46799,3.69249,7.64408,4.80489,7.93124,6.83685,6.75479,9.24201
196,2.18996,2.79358,3.99727,4.11644,3.77843,3.57682,5.9795,2.46278,5.04828,3.68186,5.70582,6.21068,6.26012,3.15262,5.96145,5.08218,6.26612,3.57724,7.4055,4.65493,7.68371,6.62347,6.54397,8.95356
197,2.05784,2.62505,3.75612,3.8681,3.55048,3.36103,5.61876,2.3142,4.74372,3.45974,5.3616,5.836,5.88245,2.96243,5.6018,4.77557,5.88809,3.36143,6.95873,4.3741,7.22015,6.22388,6.14918,8.4134
198,2.26051,2.88358,4.12605,4.24905,3.90016,3.69205,6.17214,2.54212,5.21092,3.80048,5.88964,6.41077,6.4618,3.25419,6.1535,5.24591,6.46799,3.69249,7.64408,4.80489,7.93124,6.83685,6.75479,9.24201
199,2.26051,2.88358,4.12605,4.24905,3.90016,3.69205,6.17214,2.54212,5.21092,3.80048,5.88964,6.41077,6.4618,3.25419,6.1535,5.24591,6.46799,3.69249,7.64408,4.80489,7.93124,6.83685,6.75479,9.24201
200,2.26051,2.88358,4.12605,4.24905,3.90016,3.69205,6.17214,2.54212,5.21092,3.80048,5.88964,6.41077,6.4618,3.25419,6.1535,5.24591,6.46799,3.69249,7.64408,4.80489,7.93124,6.83685,6.75479,9.24201
201,2.22855,2.84281,4.06771,4.18898,3.84502,3.63985,6.08488,2.50618,5.13725,3.74674,5.80637,6.32013,6.37044,3.20818,6.0665,5.17174,6.37654,3.64028,7.536,4.73696,7.81911,6.74019,6.65929,9.11134
202,2.22504,2.83832,4.06129,4.18237,3.83895,3.6341,6.07527,2.50223,5.12913,3.74083,5.7972,6.31015,6.36038,3.20311,6.05692,5.16357,6.36648,3.63453,7.52411,4.72948,7.80677,6.72955,6.64878,9.09695
203,2.10596,2.68642,3.84394,3.95854,3.6335,3.43961,5.75014,2.36831,4.85464,3.54063,5.48696,5.97245,6.01999,3.03169,5.73277,4.88723,6.02576,3.44002,7.12144,4.47637,7.38897,6.3694,6.29295,8.61011
204,2.11471,2.69759,3.85992,3.97499,3.6486,3.45391,5.77404,2.37816,4.87482,3.55535,5.50977,5.99728,6.04502,3.0443,5.75661,4.90755,6.05081,3.45432,7.15104,4.49498,7.41969,6.39588,6.31912,8.64591
205,2.26051,2.88358,4.12605,4.24905,3.90016,3.69205,6.17214,2.54212,5.21092,3.80048,5.88964,6.41077,6.4618,3.25419,6.1535,5.24591,6.46799,3.69249,7.64408,4.80489,7.93124,6.83685,6.75479,9.24201
206,2.26051,2.88358,4.12605,4.24905,3.90016,3.69205,6.17214,2.54212,5.21092,3.80048,5.88964,6.41077,6.4618,3.25419,6.1535,5.24591,6.46799,3.69249,7.64408,4.80489,7.93124,6.83685,6.75479,9.24201
207,2.26051,2.88358,4.12605,4.24905,3.90016,3.69205,6.17214,2.54212,5.21092,3.80048,5.88964,6.41077,6.4618,3.25419,6.1535,5.24591,6.46799,3.69249,7.64408,4.80489,7.93124,6.83685,6.75479,9.24201
208,2.26051,2.88358,4.12605,4.24905,3.90016,3.69205,6.17214,2.54212,5.21092,3.80048,5.88964,6.41077,6.4618,3.25419,6.1535,5.24591,6.46799,3.69249,7.64408,4.80489,7.93124,6.83685,6.75479,9.24201
209,2.26051,2.88358,4.12605,4.24905,3.90016,3.69205,6.17214,2.54212,5.21092,3.80048,5.88964,6.41077,6.4618,3.25419,6.1535,5.24591,6.46799,3.69249,7.64408,4.80489,7.93124,6.83685,6.75479,9.24201
210,2.21784,2.82915,4.04816,4.16885,3.82654,3.62235,6.05563,2.49414,5.11255,3.72874,5.77846,6.28975,6.33982,3.19276,6.03734,5.14688,6.34589,3.62278,7.49978,4.71419,7.78153,6.70779,6.62728,9.06755
211,2.18761,2.79059,3.99299,4.11202,3.77438,3.57298,5.97309,2.46014,5.04287,3.67791,5.6997,6.20402,6.25341,3.14924,5.95505,5.07673,6.2594,3.5734,7.39756,4.64994,7.67547,6.61636,6.53695,8.94396
212,2.26051,2.88358,4.12605,4.24905,3.90016,3.69205,6.17214,2.54212,5.21092,3.80048,5.88964,6.41077,6.4618,3.25419,6.1535,5.24591,6.46799,3.69249,7.64408,4.80489,7.93124,6.83685,6.75479,9.24201
213,2.24904,2.86895,4.10511,4.22749,3.88037,3.67331,6.14082,2.52922,5.18448,3.78119,5.85976,6.37824,6.42901,3.23768,6.12228,5.21929,6.43517,3.67375,7.60529,4.78051,7.891,6.80216,6.72052,9.19511
214,2.26051,2.88358,4.12605,4.24905,3.90016,3.69205,6.17214,2.54212,5.21092,3.80048,5.88964,6.41077,6.4618,3.25419,6.1535,5.24591,6.46799,3.69249,7.64408,4.80489,7.93124,6.83685,6.75479,9.24201
215,2.26051,2.88358,4.12605,4.24905,3.90016,3.69205,6.17214,2.54212,5.21092,3.80048,5.88964,6.41077,6.4618,3.25419,6.1535,5.24591,6.46799,3.69249,7.64408,4.80489,7.93124,6.83685,6.75479,9.24201
216,2.1653,2.76212,3.95225,4.07008,3.73588,3.53653,5.91216,2.43505,4.99143,3.64039,5.64156,6.14073,6.18962,3.11712,5.8943,5.02494,6.19555,3.53695,7.3221,4.6025,7.59717,6.54887,6.47027,8.85271
217,2.12013,2.70451,3.86982,3.98518,3.65796,3.46277,5.78885,2.38426,4.88732,3.56447,5.52389,6.01265,6.06052,3.0521,5.77136,4.92013,6.06632,3.46318,7.16938,4.50651,7.43871,6.41228,6.33532,8.66807
218,2.26051,2.88358,4.12605,4.24905,3.90016,3.69205,6.17214,2.54212,5.21092,3.80048,5.88964,6.41077,6.4618,3.25419,6.1535,5.24591,6.46799,3.69249,7.64408,4.80489,7.93124,6.83685,6.75479,9.24201
219,1.97813,2.52336,3.61062,3.71826,3.41295,3.23083,5.40111,2.22456,4.55997,3.32572,5.1539,5.60993,5.65458,2.84767,5.3848,4.59058,5.66,3.23122,6.68917,4.20466,6.94046,5.98278,5.91098,8.08748
220,1.99131,2.54018,3.63469,3.74304,3.4357,3.25237,5.43712,2.23939,4.59037,3.34789,5.18826,5.64733,5.69228,2.86666,5.4207,4.62119,5.69773,3.25276,6.73377,4.23269,6.98674,6.02267,5.95038,8.1414
221,2.07435,2.6461,3.78624,3.89912,3.57896,3.38799,5.66383,2.33277,4.78177,3.48748,5.40459,5.8828,5.92963,2.98619,5.64672,4.81387,5.93531,3.38839,7.01454,4.40918,7.27806,6.27379,6.19849,8.48087
222,1.92463,2.45512,3.51297,3.6177,3.32065,3.14346,5.25504,2.1644,4.43665,3.23578,5.01452,5.45821,5.50166,2.77066,5.23917,4.46643,5.50693,3.14383,6.50827,4.09095,6.75277,5.82098,5.75112,7.86876
223,2.26051,2.88358,4.12605,4.24905,3.90016,3.69205,6.17214,2.54212,5.21092,3.80048,5.88964,6.41077,6.4618,3.25419,6.1535,5.24591,6.46799,3.69249,7.64408,4.80489,7.93124,6.83685,6.75479,9.24201
224,2.26051,2.88358,4.12605,4.24905,3.90016,3.69205,6.17214,2.54212,5.21092,3.80048,5.88964,6.41077,6.4618,3.25419,6.1535,5.24591,6.46799,3.69249,7.64408,4.80489,7.93124,6.83685,6.75479,9.24201
225,2.17748,2.77766,3.97449,4.09298,3.7569,3.55643,5.94543,2.44875,5.01952,3.66088,5.67331,6.17529,6.22445,3.13466,5.92747,5.05322,6.23041,3.55686,7.3633,4.6284,7.63992,6.58572,6.50668,8.90253
226,2.11504,2.69801,3.86051,3.9756,3.64916,3.45445,5.77493,2.37852,4.87557,3.5559,5.51061,5.9982,6.04595,3.04476,5.75749,4.90831,6.05174,3.45485,7.15214,4.49567,7.42083,6.39686,6.32009,8.64723
227,2.22375,2.83668,4.05894,4.17994,3.83672,3.632,6.07175,2.50078,5.12616,3.73866,5.79385,6.30649,6.3567,3.20126,6.05341,5.16058,6.36278,3.63243,7.51975,4.72674,7.80224,6.72565,6.64492,9.09168
228,2.14097,2.73109,3.90785,4.02435,3.69391,3.4968,5.84574,2.40769,4.93535,3.5995,5.57818,6.07174,6.12008,3.0821,5.82808,4.96849,6.12594,3.49722,7.23984,4.5508,7.51182,6.4753,6.39758,8.75326
229,2.26051,2.88358,4.12605,4.24905,3.90016,3.69205,6.17214,2.54212,5.21092,3.80048,5.88964,6.41077,6.4618,3.25419,6.1535,5.24591,6.46799,3.69249,7.64408,4.80489,7.93124,6.83685,6.75479,9.24201
230,2.2574,2.87961,4.12037,4.2432,3.89479,3.68696,6.16364,2.53862,5.20374,3.79524,5.88153,6.40194,6.4529,3.24971,6.14503,5.23868,6.45908,3.6874,7.63355,4.79828,7.92032,6.82744,6.74549,9.22928
231,2.09841,2.67679,3.83017,3.94435,3.62048,3.42729,5.72953,2.35983,4.83724,3.52794,5.46729,5.95104,5.99842,3.02083,5.71223,4.86972,6.00416,3.42769,7.09591,4.46033,7.36249,6.34657,6.2704,8.57925
232,2.26051,2.88358,4.12605,4.24905,3.90016,3.69205,6.17214,2.54212,5.21092,3.80048,5.88964,6.41077,6.4618,3.25419,6.1535,5.24591,6.46799,3.69249,7.64408,4.80489,7.93124,6.83685,6.75479,9.24201
233,2.26051,2.88358,4.12605,4.24905,3.90016,3.69205,6.17214,2.54212,5.21092,3.80048,5.88964,6.41077,6.4618,3.25419,6.1535,5.24591,6.46799,3.69249,7.64408,4.80489,7.93124,6.83685,6.75479,9.24201
234,2.26051,2.88358,4.12605,4.24905,3.90016,3.69205,6.17214,2.54212,5.21092,3.80048,5.88964,6.41077,6.4618,3.25419,6.1535,5.24591,6.46799,3.69249,7.64408,4.80489,7.93124,6.83685,6.75479,9.24201
235,2.26051,2.88358,4.12605,4.24905,3.90016,3.69205,6.17214,2.54212,5.21092,3.80048,5.88964,6.41077,6.4618,3.25419,6.1535,5.24591,6.46799,3.69249,7.64408,4.80489,7.93124,6.83685,6.75479,9.24201
236,2.06802,2.63803,3.77469,3.88722,3.56804,3.37765,5.64655,2.32565,4.76718,3.47684,5.38811,5.86485,5.91154,2.97708,5.6295,4.79919,5.9172,3.37805,6.99314,4.39573,7.25586,6.25465,6.17959,8.455
237,1.98269,2.52918,3.61895,3.72683,3.42082,3.23828,5.41357,2.22969,4.57048,3.33339,5.16579,5.62287,5.66763,2.85424,5.39722,4.60117,5.67305,3.23867,6.7046,4.21436,6.95647,5.99658,5.92461,8.10614
238,1.97319,2.51706,3.60161,3.70898,3.40443,3.22277,5.38763,2.21901,4.54859,3.31742,5.14104,5.59593,5.64047,2.84057,5.37136,4.57913,5.64588,3.22315,6.67248,4.19417,6.92315,5.96785,5.89623,8.0673
239,2.01215,2.56676,3.67272,3.78221,3.47165,3.28641,5.49401,2.26282,4.6384,3.38292,5.24255,5.70642,5.75185,2.89665,5.47742,4.66954,5.75735,3.2868,6.80423,4.27698,7.05985,6.08569,6.01265,8.22659
240,2.19952,2.80577,4.01471,4.1344,3.79492,3.59243,6.0056,2.47353,5.07031,3.69793,5.73072,6.23778,6.28744,3.16638,5.98746,5.10436,6.29346,3.59285,7.43782,4.67524,7.71724,6.65237,6.57253,8.99263
241,2.26051,2.88358,4.12605,4.24905,3.90016,3.69205,6.17214,2.54212,5.21092,3.80048,5.88964,6.41077,6.4618,3.25419,6.1535,5.24591,6.46799,3.69249,7.64408,4.80489,7.93124,6.83685,6.75479,9.24201
242,2.26051,2.88358,4.12605,4.24905,3.90016,3.69205,6.17214,2.54212,5.21092,3.80048,5.88964,6.41077,6.4618,3.25419,6.1535,5.24591,6.46799,3.69249,7.64408,4.80489,7.93124,6.83685,6.75479,9.24201
243,1.92293,2.45295,3.50987,3.61451,3.31772,3.14069,5.25041,2.16249,4.43273,3.23292,5.01009,5.4534,5.49681,2.76822,5.23455,4.46249,5.50207,3.14106,6.50253,4.08734,6.74681,5.81585,5.74605,7.86182
244,2.20141,2.80819,4.01818,4.13797,3.7982,3.59552,6.01078,2.47566,5.07469,3.70112,5.73567,6.24317,6.29286,3.16911,5.99263,5.10876,6.29889,3.59595,7.44423,4.67928,7.72389,6.65811,6.5782,9.00039
245,2.26051,2.88358,4.12605,4.24905,3.90016,3.69205,6.17214,2.54212,5.21092,3.80048,5.88964,6.41077,6.4618,3.25419,6.1535,5.24591,6.46799,3.69249,7.64408,4.80489,7.93124,6.83685,6.75479,9.24201
246,2.26051,2.88358,4.12605,4.24905,3.90016,3.69205,6.17214,2.54212,5.21092,3.80048,5.88964,6.41077,6.4618,3.25419,6.1535,5.24591,6.46799,3.69249,7.64408,4.80489,7.93124,6.83685,6.75479,9.24201
247,2.26051,2.88358,4.12605,4.24905,3.90016,3.69205,6.17214,2.54212,5.21092,3.80048,5.88964,6.41077,6.4618,3.25419,6.1535,5.24591,6.46799,3.69249,7.64408,4.80489,7.93124,6.83685,6.75479,9.24201
248,2.26051,2.88358,4.12605,4.24905,3.90016,3.69205,6.17214,2.54212,5.21092,3.80048,5.88964,6.41077,6.4618,3.25419,6.1535,5.24591,6.46799,3.69249,7.64408,4.80489,7.93124,6.83685,6.75479,9.24201
249,1.98454,2.53154,3.62233,3.73031,3.42401,3.24131,5.41862,2.23177,4.57475,3.3365,5.17061,5.62812,5.67292,2.85691,5.40226,4.60547,5.67835,3.24169,6.71086,4.2183,6.96297,6.00218,5.93015,8.11371
250,2.1416,2.73189,3.909,4.02553,3.69499,3.49783,5.84746,2.4084,4.9368,3.60055,5.57982,6.07353,6.12188,3.083,5.8298,4.96995,6.12774,3.49824,7.24196,4.55213,7.51402,6.4772,6.39946,8.75583
251,2.16443,2.76102,3.95067,4.06845,3.73439,3.53512,5.9098,2.43407,4.98944,3.63894,5.63931,6.13828,6.18715,3.11587,5.89195,5.02294,6.19308,3.53554,7.31918,4.60067,7.59414,6.54626,6.46769,8.84919
252,2.26051,2.88358,4.12605,4.24905,3.90016,3.69205,6.17214,2.54212,5.21092,3.80048,5.88964,6.41077,6.4618,3.25419,6.1535,5.24591,6.46799,3.69249,7.64408,4.80489,7.93124,6.83685,6.75479,9.24201
253,2.26051,2.88358,4.12605,4.24905,3.90016,3.69205,6.17214,2.54212,5.21092,3.80048,5.88964,6.41077,6.4618,3.25419,6.1535,5.24591,6.46799,3.69249,7.64408,4.80489,7.93124,6.83685,6.75479,9.24201
254,2.26051,2.88358,4.12605,4.24905,3.90016,3.69205,6.17214,2.54212,5.21092,3.80048,5.88964,6.41077,6.4618,3.25419,6.1535,5.24591,6.46799,3.69249,7.64408,4.80489,7.93124,6.83685,6.75479,9.24201
255,2.05877,2.62623,3.75782,3.86985,3.55209,3.36255,5.62131,2.31525,4.74587,3.46131,5.36402,5.83864,5.88512,2.96377,5.60433,4.77774,5.89076,3.36295,6.96189,4.37608,7.22342,6.2267,6.15196,8.41721
256,2.22571,2.83918,4.06251,4.18363,3.8401,3.6352,6.0771,2.50298,5.13068,3.74196,5.79895,6.31205,6.3623,3.20408,6.05875,5.16513,6.36839,3.63563,7.52637,4.73091,7.80912,6.73157,6.65078,9.09969
257,2.26051,2.88358,4.12605,4.24905,3.90016,3.69205,6.17214,2.54212,5.21092,3.80048,5.88964,6.41077,6.4618,3.25419,6.1535,5.24591,6.46799,3.69249,7.64408,4.80489,7.93124,6.83685,6.75479,9.24201
258,2.14023,2.73015,3.90651,4.02297,3.69264,3.4956,5.84373,2.40686,4.93365,3.59826,5.57626,6.06966,6.11797,3.08104,5.82608,4.96678,6.12383,3.49601,7.23735,4.54923,7.50923,6.47307,6.39538,8.75025
259,2.15314,2.74661,3.93006,4.04723,3.71491,3.51668,5.87897,2.42138,4.9634,3.61996,5.60989,6.10626,6.15487,3.09962,5.86121,4.99673,6.16076,3.51709,7.28099,4.57667,7.55452,6.51211,6.43395,8.80302
260,2.26051,2.88358,4.12605,4.24905,3.90016,3.69205,6.17214,2.54212,5.21092,3.80048,5.88964,6.41077,6.4618,3.25419,6.1535,5.24591,6.46799,3.69249,7.64408,4.80489,7.93124,6.83685,6.75479,9.24201
261,2.26051,2.88358,4.12605,4.24905,3.90016,3.69205,6.17214,2.54212,5.21092,3.80048,5.88964,6.41077,6.4618,3.25419,6.1535,5.24591,6.46799,3.69249,7.64408,4.80489,7.93124,6.83685,6.75479,9.24201
262,2.17528,2.77485,3.97047,4.08884,3.7531,3.55283,5.93941,2.44627,5.01443,3.65717,5.66756,6.16904,6.21814,3.13148,5.92147,5.0481,6.2241,3.55325,7.35584,4.62371,7.63218,6.57905,6.50009,8.89352
263,2.10523,2.68549,3.84261,3.95716,3.63224,3.43842,5.74814,2.36749,4.85295,3.5394,5.48505,5.97038,6.0179,3.03064,5.73078,4.88554,6.02367,3.43883,7.11897,4.47482,7.38641,6.36719,6.29077,8.60712
264,2.20634,2.81447,4.02716,4.14722,3.80668,3.60356,6.02421,2.4812,5.08603,3.70939,5.74848,6.25712,6.30693,3.17619,6.00602,5.12018,6.31297,3.60399,7.46087,4.68973,7.74116,6.67299,6.5929,9.0205
265,1.81961,2.32115,3.32128,3.42029,3.13945,2.97193,4.96829,2.04629,4.19455,3.05921,4.74089,5.16037,5.20145,2.61947,4.95329,4.22271,5.20643,2.97228,6.15313,3.86772,6.38429,5.50335,5.4373,7.43939
266,2.05672,2.62361,3.75406,3.86598,3.54854,3.35919,5.61569,2.31294,4.74113,3.45784,5.35866,5.8328,5.87924,2.96081,5.59873,4.77296,5.88487,3.35959,6.95493,4.37171,7.2162,6.22047,6.14581,8.40879
267,2.26051,2.88358,4.12605,4.24905,3.90016,3.69205,6.17214,2.54212,5.21092,3.80048,5.88964,6.41077,6.4618,3.25419,6.1535,5.24591,6.46799,3.69249,7.64408,4.80489,7.93124,6.83685,6.75479,9.24201
268,2.17351,2.77259,3.96724,4.08551,3.75004,3.54994,5.93457,2.44428,5.01035,3.6542,5.66295,6.16402,6.21309,3.12893,5.91665,5.04399,6.21904,3.55036,7.34986,4.61995,7.62597,6.5737,6.4948,8.88628
269,2.26051,2.88358,4.12605,4.24905,3.90016,3.69205,6.17214,2.54212,5.21092,3.80048,5.88964,6.41077,6.4618,3.25419,6.1535,5.24591,6.46799,3.69249,7.64408,4.80489,7.93124,6.83685,6.75479,9.24201
270,2.26051,2.88358,4.12605,4.24905,3.90016,3.69205,6.17214,2.54212,5.21092,3.80048,5.88964,6.41077,6.4618,3.25419,6.1535,5.24591,6.46799,3.69249,7.64408,4.80489,7.93124,6.83685,6.75479,9.24201
271,2.26051,2.88358,4.12605,4.24905,3.90016,3.69205,6.17214,2.54212,5.21092,3.80048,5.88964,6.41077,6.4618,3.25419,6.1535,5.24591,6.46799,3.69249,7.64408,4.80489,7.93124,6.83685,6.75479,9.24201
272,1.94571,2.48201,3.55145,3.65732,3.35702,3.17789,5.3126,2.1881,4.48524,3.27122,5.06944,5.51799,5.56192,2.801,5.29655,4.51535,5.56724,3.17826,6.57955,4.13576,6.82673,5.88474,5.81411,7.95495
273,2.11199,2.69412,3.85496,3.96988,3.64391,3.44947,5.76662,2.3751,4.86855,3.55078,5.50268,5.98956,6.03724,3.04038,5.7492,4.90124,6.04303,3.44988,7.14184,4.4892,7.41014,6.38765,6.31099,8.63479
274,2.03743,2.599,3.71885,3.82972,3.51526,3.32768,5.56302,2.29124,4.69666,3.42541,5.3084,5.7781,5.82409,2.93304,5.54622,4.7282,5.82967,3.32808,6.88969,4.3307,7.14852,6.16213,6.08817,8.32992
275,1.90439,2.4293,3.47602,3.57965,3.28572,3.1104,5.19977,2.14163,4.38998,3.20174,4.96178,5.4008,5.4438,2.74152,5.18407,4.41946,5.44901,3.11076,6.43982,4.04792,6.68174,5.75976,5.69063,7.78601
276,2.26051,2.88358,4.12605,4.24905,3.90016,3.69205,6.17214,2.54212,5.21092,3.80048,5.88964,6.41077,6.4618,3.25419,6.1535,5.24591,6.46799,3.69249,7.64408,4.80489,7.93124,6.83685,6.75479,9.24201
277,2.15988,2.75521,3.94237,4.0599,3.72654,3.52769,5.89738,2.42896,4.97895,3.63129,5.62745,6.12538,6.17414,3.10932,5.87956,5.01237,6.18005,3.52811,7.30379,4.59099,7.57817,6.53249,6.45409,8.83058
278,2.26051,2.88358,4.12605,4.24905,3.90016,3.69205,6.17214,2.54212,5.21092,3.80048,5.88964,6.41077,6.4618,3.25419,6.1535,5.24591,6.46799,3.69249,7.64408,4.80489,7.93124,6.83685,6.75479,9.24201
279,2.26051,2.88358,4.12605,4.24905,3.90016,3.69205,6.17214,2.54212,5.21092,3.80048,5.88964,6.41077,6.4618,3.25419,6.1535,5.24591,6.46799,3.69249,7.64408,4.80489,7.93124,6.83685,6.75479,9.24201
280,2.26051,2.88358,4.12605,4.24905,3.90016,3.69205,6.17214,2.54212,5.21092,3.80048,5.88964,6.41077,6.4618,3.25419,6.1535,5.24591,6.46799,3.69249,7.64408,4.80489,7.93124,6.83685,6.75479,9.24201
281,2.14651,2.73815,3.91796,4.03476,3.70347,3.50585,5.86086,2.41392,4.94812,3.60881,5.59261,6.08746,6.13591,3.09007,5.84316,4.98134,6.14179,3.50626,7.25857,4.56257,7.53125,6.49205,6.41413,8.77591
282,2.01228,2.56693,3.67296,3.78246,3.47188,3.28662,5.49437,2.26297,4.6387,3.38314,5.24289,5.70679,5.75222,2.89684,5.47777,4.66984,5.75773,3.28701,6.80467,4.27726,7.0603,6.08608,6.01304,8.22712
283,2.26051,2.88358,4.12605,4.24905,3.90016,3.69205,6.17214,2.54212,5.21092,3.80048,5.88964,6.41077,6.4618,3.25419,6.1535,5.24591,6.46799,3.69249,7.64408,4.80489,7.93124,6.83685,6.75479,9.24201
284,2.11269,2.69501,3.85623,3.9712,3.64512,3.45062,5.76853,2.37589,4.87016,3.55195,5.5045,5.99155,6.03925,3.04139,5.75111,4.90286,6.04503,3.45102,7.14421,4.49069,7.4126,6.38977,6.31308,8.63765
285,1.97051,2.51364,3.59671,3.70394,3.39981,3.21839,5.38031,2.21599,4.54241,3.31291,5.13406,5.58833,5.63281,2.83671,5.36406,4.57291,5.63821,3.21877,6.66341,4.18847,6.91374,5.95974,5.88822,8.05634
286,2.26051,2.88358,4.12605,4.24905,3.90016,3.69205,6.17214,2.54212,5.21092,3.80048,5.88964,6.41077,6.4618,3.25419,6.1535,5.24591,6.46799,3.69249,7.64408,4.80489,7.93124,6.83685,6.75479,9.24201
287,2.13643,2.72529,3.89956,4.01581,3.68607,3.48938,5.83334,2.40258,4.92488,3.59186,5.56635,6.05886,6.1071,3.07556,5.81572,4.95795,6.11295,3.4898,7.22448,4.54114,7.49588,6.46156,6.38401,8.73469
288,2.06805,2.63807,3.77475,3.88729,3.5681,3.3777,5.64664,2.32569,4.76726,3.4769,5.38819,5.86495,5.91164,2.97713,5.62959,4.79927,5.9173,3.3781,6.99326,4.3958,7.25597,6.25476,6.17969,8.45514
289,2.26051,2.88358,4.12605,4.24905,3.90016,3.69205,6.17214,2.54212,5.21092,3.80048,5.88964,6.41077,6.4618,3.25419,6.1535,5.24591,6.46799,3.69249,7.64408,4.80489,7.93124,6.83685,6.75479,9.24201
290,2.00888,2.56258,3.66675,3.77606,3.466,3.28106,5.48507,2.25914,4.63085,3.37742,5.23402,5.69713,5.74249,2.89194,5.46851,4.66194,5.74799,3.28145,6.79316,4.27002,7.04836,6.07579,6.00286,8.21321
291,2.26051,2.88358,4.12605,4.24905,3.90016,3.69205,6.17214,2.54212,5.21092,3.80048,5.88964,6.41077,6.4618,3.25419,6.1535,5.24591,6.46799,3.69249,7.64408,4.80489,7.93124,6.83685,6.75479,9.24201
292,2.26051,2.88358,4.12605,4.24905,3.90016,3.69205,6.17214,2.54212,5.21092,3.80048,5.88964,6.41077,6.4618,3.25419,6.1535,5.24591,6.46799,3.69249,7.64408,4.80489,7.93124,6.83685,6.75479,9.24201
293,1.97032,2.5134,3.59637,3.70358,3.39948,3.21808,5.37979,2.21578,4.54197,3.31259,5.13356,5.58779,5.63227,2.83643,5.36355,4.57247,5.63766,3.21846,6.66277,4.18807,6.91308,5.95917,5.88765,8.05557
294,1.92353,2.45371,3.51096,3.61563,3.31875,3.14166,5.25204,2.16316,4.43411,3.23393,5.01165,5.45509,5.49852,2.76908,5.23618,4.46388,5.50378,3.14203,6.50455,4.08861,6.74891,5.81766,5.74783,7.86427
295,1.91337,2.44075,3.49241,3.59653,3.30122,3.12506,5.22429,2.15173,4.41068,3.21684,4.98518,5.42627,5.46947,2.75445,5.20851,4.4403,5.47471,3.12543,6.47019,4.06701,6.71325,5.78692,5.71747,7.82272
296,1.93045,2.46254,3.52359,3.62863,3.33068,3.15296,5.27092,2.17094,4.45005,3.24556,5.02967,5.47471,5.51829,2.77903,5.255,4.47993,5.52357,3.15333,6.52794,4.10331,6.77318,5.83858,5.7685,7.89255
297,2.20577,2.81374,4.02612,4.14615,3.80571,3.60263,6.02266,2.48056,5.08472,3.70844,5.74701,6.25551,6.30531,3.17538,6.00448,5.11886,6.31135,3.60306,7.45896,4.68853,7.73917,6.67128,6.59121,9.01819
298,2.05563,2.62222,3.75208,3.86394,3.54666,3.35741,5.61272,2.31172,4.73862,3.45602,5.35583,5.82972,5.87613,2.95924,5.59577,4.77044,5.88175,3.35781,6.95125,4.3694,7.21239,6.21718,6.14256,8.40434
299,2.09725,2.67532,3.82805,3.94218,3.61848,3.4254,5.72637,2.35853,4.83457,3.526,5.46427,5.94776,5.99511,3.01916,5.70908,4.86703,6.00085,3.4258,7.092,4.45787,7.35843,6.34307,6.26694,8.57452
300,2.04638,2.61042,3.73519,3.84654,3.5307,3.3423,5.58746,2.30131,4.71729,3.44046,5.33172,5.80348,5.84968,2.94592,5.57058,4.74897,5.85528,3.3427,6.91996,4.34973,7.17992,6.1892,6.11492,8.36651
301,2.26051,2.88358,4.12605,4.24905,3.90016,3.69205,6.17214,2.54212,5.21092,3.80048,5.88964,6.41077,6.4618,3.25419,6.1535,5.24591,6.46799,3.69249,7.64408,4.80489,7.93124,6.83685,6.75479,9.24201
302,2.02921,2.58852,3.70386,3.81428,3.50109,3.31427,5.54059,2.28201,4.67773,3.4116,5.287,5.7548,5.80061,2.92121,5.52386,4.70913,5.80617,3.31466,6.86192,4.31325,7.1197,6.13729,6.06363,8.29634
303,2.26051,2.88358,4.12605,4.24905,3.90016,3.69205,6.17214,2.54212,5.21092,3.80048,5.88964,6.41077,6.4618,3.25419,6.1535,5.24591,6.46799,3.69249,7.64408,4.80489,7.93124,6.83685,6.75479,9.24201
304,2.26051,2.88358,4.12605,4.24905,3.90016,3.69205,6.17214,2.54212,5.21092,3.80048,5.88964,6.41077,6.4618,3.25419,6.1535,5.24591,6.46799,3.69249,7.64408,4.80489,7.93124,6.83685,6.75479,9.24201
305,2.22066,2.83275,4.05331,4.17415,3.83141,3.62696,6.06334,2.49731,5.11906,3.73348,5.78582,6.29776,6.34789,3.19682,6.04502,5.15343,6.35397,3.62739,7.50933,4.72019,7.79143,6.71633,6.63572,9.07909
306,2.26051,2.88358,4.12605,4.24905,3.90016,3.69205,6.17214,2.54212,5.21092,3.80048,5.88964,6.41077,6.4618,3.25419,6.1535,5.24591,6.46799,3.69249,7.64408,4.80489,7.93124,6.83685,6.75479,9.24201
307,1.99559,2.54563,3.64249,3.75108,3.44307,3.25935,5.44878,2.24419,4.60021,3.35507,5.19939,5.65944,5.70449,2.87281,5.43233,4.6311,5.70996,3.25974,6.74821,4.24177,7.00173,6.03559,5.96315,8.15887
308,1.81119,2.31041,3.30591,3.40447,3.12492,2.95818,4.9453,2.03682,4.17514,3.04506,4.71896,5.1365,5.17738,2.60735,4.93037,4.20318,5.18234,2.95853,6.12466,3.84982,6.35475,5.47788,5.41214,7.40497
309,2.26051,2.88358,4.12605,4.24905,3.90016,3.69205,6.17214,2.54212,5.21092,3.80048,5.88964,6.41077,6.4618,3.25419,6.1535,5.24591,6.46799,3.69249,7.64408,4.80489,7.93124,6.83685,6.75479,9.24201
310,2.05309,2.61898,3.74744,3.85916,3.54228,3.35326,5.60578,2.30886,4.73276,3.45174,5.3492,5.82251,5.86886,2.95558,5.58885,4.76454,5.87448,3.35366,6.94265,4.36399,7.20347,6.20949,6.13497,8.39395
311,2.11654,2.69993,3.86327,3.97844,3.65177,3.45691,5.77905,2.38022,4.87904,3.55843,5.51454,6.00248,6.05026,3.04693,5.76159,4.91181,6.05605,3.45732,7.15724,4.49888,7.42612,6.40142,6.32459,8.6534
312,1.88497,2.40453,3.44059,3.54316,3.25223,3.07869,5.14676,2.1198,4.34523,3.16911,4.9112,5.34575,5.3883,2.71357,5.13122,4.37441,5.39346,3.07905,6.37417,4.00666,6.61363,5.70104,5.63262,7.70663
313,2.26051,2.88358,4.12605,4.24905,3.90016,3.69205,6.17214,2.54212,5.21092,3.80048,5.88964,6.41077,6.4618,3.25419,6.1535,5.24591,6.46799,3.69249,7.64408,4.80489,7.93124,6.83685,6.75479,9.24201
314,2.24513,2.86395,4.09797,4.22014,3.87362,3.66692,6.13014,2.52482,5.17546,3.77461,5.84956,6.36714,6.41782,3.23204,6.11162,5.21021,6.42397,3.66736,7.59206,4.77219,7.87727,6.79032,6.70883,9.17911
315,2.26051,2.88358,4.12605,4.24905,3.90016,3.69205,6.17214,2.54212,5.21092,3.80048,5.88964,6.41077,6.4618,3.25419,6.1535,5.24591,6.46799,3.69249,7.64408,4.80489,7.93124,6.83685,6.75479,9.24201
316,2.11857,2.70251,3.86696,3.98225,3.65526,3.46022,5.78458,2.3825,4.88371,3.56184,5.51982,6.00822,6.05605,3.04985,5.76711,4.9165,6.06185,3.46062,7.16409,4.50318,7.43322,6.40755,6.33064,8.66168
317,2.20516,2.81297,4.02501,4.14501,3.80466,3.60164,6.021,2.47988,5.08332,3.70742,5.74542,6.25379,6.30357,3.1745,6.00282,5.11745,6.30961,3.60207,7.4569,4.68724,7.73703,6.66944,6.58939,9.0157
318,2.13061,2.71787,3.88894,4.00488,3.67603,3.47988,5.81745,2.39604,4.91147,3.58208,5.55119,6.04236,6.09046,3.06718,5.79988,4.94444,6.0963,3.48029,7.2048,4.52877,7.47547,6.44396,6.36662,8.7109
319,2.17512,2.77465,3.97019,4.08855,3.75284,3.55258,5.93899,2.4461,5.01408,3.65692,5.66716,6.1686,6.21771,3.13126,5.92106,5.04775,6.22366,3.553,7.35533,4.62339,7.63165,6.57859,6.49964,8.8929
320,1.99863,2.54951,3.64804,3.75679,3.44832,3.26432,5.45709,2.24761,4.60722,3.36018,5.20731,5.66807,5.71319,2.87718,5.4406,4.63816,5.71866,3.2647,6.7585,4.24824,7.01239,6.04479,5.97224,8.1713
321,2.26051,2.88358,4.12605,4.24905,3.90016,3.69205,6.17214,2.54212,5.21092,3.80048,5.88964,6.41077,6.4618,3.25419,6.1535,5.24591,6.46799,3.69249,7.64408,4.80489,7.93124,6.83685,6.75479,9.24201
322,1.86736,2.38207,3.40845,3.51006,3.22185,3.04993,5.09868,2.1,4.30464,3.1395,4.86532,5.29581,5.33796,2.68822,5.08329,4.33354,5.34308,3.05029,6.31462,3.96923,6.55185,5.64779,5.58,7.63464
323,2.1402,2.73011,3.90645,4.02291,3.69259,3.49555,5.84365,2.40683,4.93359,3.59821,5.57619,6.06958,6.11789,3.081,5.826,4.96671,6.12375,3.49597,7.23725,4.54917,7.50913,6.47298,6.39529,8.75013
324,2.2601,2.88306,4.1253,4.24829,3.89946,3.69138,6.17102,2.54167,5.20998,3.79979,5.88858,6.40961,6.46063,3.2536,6.15239,5.24496,6.46682,3.69182,7.6427,4.80403,7.92981,6.83561,6.75357,9.24033
325,2.07337,2.64485,3.78445,3.89728,3.57727,3.38639,5.66115,2.33166,4.77951,3.48584,5.40204,5.88002,5.92683,2.98477,5.64405,4.8116,5.93251,3.38679,7.01123,4.4071,7.27462,6.27083,6.19557,8.47686
326,2.26051,2.88358,4.12605,4.24905,3.90016,3.69205,6.17214,2.54212,5.21092,3.80048,5.88964,6.41077,6.4618,3.25419,6.1535,5.24591,6.46799,3.69249,7.64408,4.80489,7.93124,6.83685,6.75479,9.24201
327,1.85409,2.36513,3.38422,3.48511,3.19894,3.02825,5.06244,2.08507,4.27404,3.11718,4.83073,5.25816,5.30002,2.66911,5.04715,4.30273,5.30509,3.02861,6.26973,3.94101,6.50527,5.60764,5.54033,7.58036
328,2.21401,2.82426,4.04117,4.16164,3.81993,3.6161,6.04517,2.48983,5.10372,3.72229,5.76848,6.27888,6.32887,3.18724,6.02691,5.13799,6.33493,3.61652,7.48682,4.70605,7.76808,6.6962,6.61583,9.05188
329,2.19262,2.79697,4.00212,4.12143,3.78302,3.58116,5.98676,2.46577,5.05441,3.68633,5.71274,6.21822,6.26772,3.15645,5.96868,5.08835,6.27372,3.58158,7.41449,4.66058,7.69303,6.6315,6.55191,8.96442
330,2.22804,2.84216,4.06678,4.18802,3.84414,3.63901,6.08348,2.50561,5.13607,3.74588,5.80504,6.31868,6.36898,3.20744,6.06511,5.17055,6.37508,3.63944,7.53427,4.73587,7.81731,6.73864,6.65776,9.10925
331,2.26051,2.88358,4.12605,4.24905,3.90016,3.69205,6.17214,2.54212,5.21092,3.80048,5.88964,6.41077,6.4618,3.25419,6.1535,5.24591,6.46799,3.69249,7.64408,4.80489,7.93124,6.83685,6.75479,9.24201
332,2.06391,2.63279,3.7672,3.8795,3.56095,3.37094,5.63534,2.32103,4.75771,3.46994,5.37741,5.85321,5.8998,2.97117,5.61832,4.78966,5.90545,3.37134,6.97926,4.387,7.24145,6.24223,6.16731,8.43821
333,2.11182,2.6939,3.85465,3.96956,3.64362,3.44919,5.76615,2.37491,4.86816,3.55049,5.50223,5.98908,6.03676,3.04014,5.74874,4.90084,6.04254,3.4496,7.14127,4.48884,7.40955,6.38714,6.31048,8.63409
334,2.15137,2.74435,3.92682,4.04389,3.71184,3.51378,5.87412,2.41938,4.95931,3.61697,5.60526,6.10123,6.14979,3.09706,5.85638,4.99261,6.15568,3.51419,7.27499,4.57289,7.54829,6.50673,6.42864,8.79576
335,2.22669,2.84044,4.06432,4.18549,3.84181,3.63681,6.0798,2.50409,5.13296,3.74362,5.80153,6.31486,6.36513,3.2055,6.06144,5.16743,6.37122,3.63724,7.52972,4.73301,7.81259,6.73457,6.65374,9.10374
336,2.21524,2.82583,4.04342,4.16396,3.82206,3.61811,6.04854,2.49122,5.10657,3.72437,5.7717,6.28239,6.3324,3.18902,6.03027,5.14085,6.33846,3.61854,7.491,4.70867,7.77242,6.69994,6.61952,9.05693
337,2.26051,2.88358,4.12605,4.24905,3.90016,3.69205,6.17214,2.54212,5.21092,3.80048,5.88964,6.41077,6.4618,3.25419,6.1535,5.24591,6.46799,3.69249,7.64408,4.80489,7.93124,6.83685,6.75479,9.24201
338,2.25919,2.88189,4.12364,4.24657,3.89788,3.68989,6.16853,2.54064,5.20787,3.79826,5.8862,6.40702,6.45802,3.25229,6.14991,5.24284,6.46421,3.69033,7.63961,4.80209,7.92661,6.83286,6.75085,9.23661
339,2.26051,2.88358,4.12605,4.24905,3.90016,3.69205,6.17214,2.54212,5.21092,3.80048,5.88964,6.41077,6.4618,3.25419,6.1535,5.24591,6.46799,3.69249,7.64408,4.80489,7.93124,6.83685,6.75479,9.24201
340,2.26051,2.88358,4.12605,4.24905,3.90016,3.69205,6.17214,2.54212,5.21092,3.80048,5.88964,6.41077,6.4618,3.25419,6.1535,5.24591,6.46799,3.69249,7.64408,4.80489,7.93124,6.83685,6.75479,9.24201
341,2.26051,2.88358,4.12605,4.24905,3.90016,3.69205,6.17214,2.54212,5.21092,3.80048,5.88964,6.41077,6.4618,3.25419,6.1535,5.24591,6.46799,3.69249,7.64408,4.80489,7.93124,6.83685,6.75479,9.24201
342,2.15922,2.75436,3.94116,4.05865,3.72539,3.5266,5.89556,2.42821,4.97741,3.63017,5.62572,6.12349,6.17224,3.10837,5.87775,5.01083,6.17815,3.52702,7.30154,4.58958,7.57584,6.53048,6.45211,8.82786
343,2.0038,2.55611,3.65748,3.76652,3.45725,3.27277,5.47121,2.25343,4.61915,3.36888,5.2208,5.68274,5.72798,2.88463,5.45469,4.65017,5.73346,3.27316,6.77599,4.25924,7.03055,6.06044,5.9877,8.19246
344,2.16945,2.76742,3.95984,4.07789,3.74305,3.54332,5.92351,2.43972,5.00101,3.64738,5.65239,6.15252,6.2015,3.1231,5.90562,5.03459,6.20744,3.54374,7.33615,4.61134,7.61175,6.56144,6.48269,8.86971
345,2.26051,2.88358,4.12605,4.24905,3.90016,3.69205,6.17214,2.54212,5.21092,3.80048,5.88964,6.41077,6.4618,3.25419,6.1535,5.24591,6.46799,3.69249,7.64408,4.80489,7.93124,6.83685,6.75479,9.24201
346,2.26051,2.88358,4.12605,4.24905,3.90016,3.69205,6.17214,2.54212,5.21092,3.80048,5.88964,6.41077,6.4618,3.25419,6.1535,5.24591,6.46799,3.69249,7.64408,4.80489,7.93124,6.83685,6.75479,9.24201
347,2.23269,2.84809,4.07526,4.19675,3.85215,3.6466,6.09617,2.51083,5.14678,3.7537,5.81715,6.33186,6.38226,3.21413,6.07776,5.18134,6.38837,3.64703,7.54999,4.74575,7.83362,6.7527,6.67165,9.12825
348,2.26051,2.88358,4.12605,4.24905,3.90016,3.69205,6.17214,2.54212,5.21092,3.80048,5.88964,6.41077,6.4618,3.25419,6.1535,5.24591,6.46799,3.69249,7.64408,4.80489,7.93124,6.83685,6.75479,9.24201
349,2.24011,2.85755,4.0888,4.2107,3.86495,3.65872,6.11642,2.51918,5.16388,3.76617,5.83647,6.35289,6.40347,3.22481,6.09795,5.19855,6.4096,3.65915,7.57507,4.76152,7.85965,6.77513,6.69382,9.15857
350,2.26051,2.88358,4.12605,4.24905,3.90016,3.69205,6.17214,2.54212,5.21092,3.80048,5.88964,6.41077,6.4618,3.25419,6.1535,5.24591,6.46799,3.69249,7.64408,4.80489,7.93124,6.83685,6.75479,9.24201
351,2.16653,2.76369,3.9545,4.0724,3.73801,3.53855,5.91553,2.43643,4.99427,3.64247,5.64477,6.14423,6.19314,3.11889,5.89766,5.0278,6.19907,3.53897,7.32627,4.60513,7.6015,6.5526,6.47396,8.85776
352,1.80179,2.29841,3.28875,3.38679,3.1087,2.94282,4.91963,2.02625,4.15347,3.02925,4.69446,5.10983,5.15051,2.59382,4.90477,4.18136,5.15544,2.94317,6.09287,3.82984,6.32176,5.44945,5.38405,7.36653
353,2.26051,2.88358,4.12605,4.24905,3.90016,3.69205,6.17214,2.54212,5.21092,3.80048,5.88964,6.41077,6.4618,3.25419,6.1535,5.24591,6.46799,3.69249,7.64408,4.80489,7.93124,6.83685,6.75479,9.24201
354,1.83674,2.343,3.35255,3.4525,3.16901,2.99991,5.01507,2.06556,4.23405,3.08802,4.78553,5.20896,5.25043,2.64414,4.99993,4.26248,5.25546,3.00027,6.21107,3.90414,6.4444,5.55517,5.4885,7.50944
355,2.13,2.71709,3.88782,4.00373,3.67498,3.47888,5.81578,2.39535,4.91006,3.58105,5.5496,6.04063,6.08872,3.0663,5.79822,4.94303,6.09455,3.4793,7.20274,4.52748,7.47332,6.44212,6.3648,8.70841
356,2.21663,2.82759,4.04594,4.16656,3.82444,3.62037,6.05231,2.49277,5.10975,3.72669,5.77529,6.2863,6.33634,3.19101,6.03403,5.14406,6.34241,3.6208,7.49567,4.71161,7.77726,6.70411,6.62365,9.06257
357,2.13851,2.72794,3.90335,4.01972,3.68966,3.49278,5.83901,2.40492,4.92967,3.59535,5.57176,6.06476,6.11304,3.07855,5.82138,4.96277,6.11889,3.49319,7.2315,4.54556,7.50317,6.46784,6.39022,8.74319
358,2.17471,2.77412,3.96943,4.08776,3.75211,3.5519,5.93785,2.44563,5.01312,3.65621,5.66608,6.16742,6.21651,3.13066,5.91992,5.04678,6.22247,3.55232,7.35391,4.6225,7.63018,6.57733,6.49839,8.89119
359,2.02935,2.5887,3.70411,3.81454,3.50132,3.31449,5.54096,2.28216,4.67804,3.41183,5.28735,5.75519,5.801,2.92141,5.52423,4.70945,5.80656,3.31488,6.86238,4.31353,7.12018,6.1377,6.06403,8.2969
360,2.26051,2.88358,4.12605,4.24905,3.90016,3.69205,6.17214,2.54212,5.21092,3.80048,5.88964,6.41077,6.4618,3.25419,6.1535,5.24591,6.46799,3.69249,7.64408,4.80489,7.93124,6.83685,6.75479,9.24201
361,2.26051,2.88358,4.12605,4.24905,3.90016,3.69205,6.17214,2.54212,5.21092,3.80048,5.88964,6.41077,6.4618,3.25419,6.1535,5.24591,6.46799,3.69249,7.64408,4.80489,7.93124,6.83685,6.75479,9.24201
362,2.26051,2.88358,4.12605,4.24905,3.90016,3.69205,6.17214,2.54212,5.21092,3.80048,5.88964,6.41077,6.4618,3.25419,6.1535,5.24591,6.46799,3.69249,7.64408,4.80489,7.93124,6.83685,6.75479,9.24201
363,2.13341,2.72145,3.89406,4.01015,3.68087,3.48446,5.82511,2.39919,4.91793,3.58679,5.55849,6.05032,6.09848,3.07122,5.80752,4.95095,6.10432,3.48487,7.21429,4.53474,7.48531,6.45244,6.375,8.72237
364,2.2306,2.84543,4.07146,4.19283,3.84856,3.6432,6.09048,2.50849,5.14197,3.75019,5.81172,6.32594,6.3763,3.21113,6.07208,5.1765,6.38241,3.64363,7.54294,4.74132,7.82631,6.74639,6.66542,9.11972
365,2.15297,2.74639,3.92975,4.0469,3.71461,3.5164,5.8785,2.42118,4.96301,3.61967,5.60944,6.10577,6.15438,3.09937,5.86074,4.99633,6.16027,3.51681,7.28041,4.5763,7.55391,6.51158,6.43343,8.80231
366,2.26051,2.88358,4.12605,4.24905,3.90016,3.69205,6.17214,2.54212,5.21092,3.80048,5.88964,6.41077,6.4618,3.25419,6.1535,5.24591,6.46799,3.69249,7.64408,4.80489,7.93124,6.83685,6.75479,9.24201
367,2.26051,2.88358,4.12605,4.24905,3.90016,3.69205,6.17214,2.54212,5.21092,3.80048,5.88964,6.41077,6.4618,3.25419,6.1535,5.24591,6.46799,3.69249,7.64408,4.80489,7.93124,6.83685,6.75479,9.24201
368,2.26051,2.88358,4.12605,4.24905,3.90016,3.69205,6.17214,2.54212,5.21092,3.80048,5.88964,6.41077,6.4618,3.25419,6.1535,5.24591,6.46799,3.69249,7.64408,4.80489,7.93124,6.83685,6.75479,9.24201
369,2.26051,2.88358,4.12605,4.24905,3.90016,3.69205,6.17214,2.54212,5.21092,3.80048,5.88964,6.41077,6.4618,3.25419,6.1535,5.24591,6.46799,3.69249,7.64408,4.80489,7.93124,6.83685,6.75479,9.24201
370,2.01497,2.57035,3.67786,3.78751,3.47651,3.291,5.5017,2.26599,4.64489,3.38766,5.24989,5.71441,5.7599,2.90071,5.48508,4.67608,5.76541,3.29139,6.81375,4.28297,7.06972,6.09421,6.02106,8.2381
371,2.17525,2.77482,3.97042,4.08879,3.75306,3.55279,5.93934,2.44624,5.01438,3.65713,5.6675,6.16897,6.21807,3.13145,5.9214,5.04804,6.22403,3.55321,7.35576,4.62366,7.6321,6.57898,6.50002,8.89342
372,2.26051,2.88358,4.12605,4.24905,3.90016,3.69205,6.17214,2.54212,5.21092,3.80048,5.88964,6.41077,6.4618,3.25419,6.1535,5.24591,6.46799,3.69249,7.64408,4.80489,7.93124,6.83685,6.75479,9.24201
373,1.94395,2.47976,3.54823,3.65401,3.35398,3.17501,5.30779,2.18612,4.48118,3.26825,5.06485,5.513,5.55688,2.79847,5.29176,4.51126,5.5622,3.17538,6.57359,4.13201,6.82055,5.87941,5.80884,7.94775
374,2.26051,2.88358,4.12605,4.24905,3.90016,3.69205,6.17214,2.54212,5.21092,3.80048,5.88964,6.41077,6.4618,3.25419,6.1535,5.24591,6.46799,3.69249,7.64408,4.80489,7.93124,6.83685,6.75479,9.24201
375,2.03274,2.59302,3.71029,3.82091,3.50717,3.32003,5.55022,2.28597,4.68585,3.41753,5.29618,5.7648,5.81069,2.92629,5.53345,4.71731,5.81625,3.32042,6.87384,4.32074,7.13207,6.14795,6.07416,8.31075
376,1.74805,2.22986,3.19066,3.28578,3.01598,2.85505,4.7729,1.96582,4.02959,2.9389,4.55444,4.95743,4.99689,2.51646,4.75848,4.05664,5.00168,2.85539,5.91114,3.71561,6.13321,5.28692,5.22346,7.14682
377,2.0562,2.62295,3.75312,3.865,3.54765,3.35834,5.61427,2.31236,4.73993,3.45697,5.35731,5.83133,5.87775,2.96006,5.59732,4.77176,5.88338,3.35874,6.95317,4.3706,7.21438,6.2189,6.14426,8.40667
378,2.26051,2.88358,4.12605,4.24905,3.90016,3.69205,6.17214,2.54212,5.21092,3.80048,5.88964,6.41077,6.4618,3.25419,6.1535,5.24591,6.46799,3.69249,7.64408,4.80489,7.93124,6.83685,6.75479,9.24201
379,2.26051,2.88358,4.12605,4.24905,3.90016,3.69205,6.17214,2.54212,5.21092,3.80048,5.88964,6.41077,6.4618,3.25419,6.1535,5.24591,6.46799,3.69249,7.64408,4.80489,7.93124,6.83685,6.75479,9.24201
380,2.26051,2.88358,4.12605,4.24905,3.90016,3.69205,6.17214,2.54212,5.21092,3.80048,5.88964,6.41077,6.4618,3.25419,6.1535,5.24591,6.46799,3.69249,7.64408,4.80489,7.93124,6.83685,6.75479,9.24201
381,2.26051,2.88358,4.12605,4.24905,3.90016,3.69205,6.17214,2.54212,5.21092,3.80048,5.88964,6.41077,6.4618,3.25419,6.1535,5.24591,6.46799,3.69249,7.64408,4.80489,7.93124,6.83685,6.75479,9.24201
382,1.77143,2.25968,3.23333,3.32972,3.05632,2.89323,4.83673,1.99211,4.08348,2.9782,4.61535,5.02372,5.06371,2.55011,4.82212,4.1109,5.06856,2.89357,5.99019,3.7653,6.21523,5.35762,5.29332,7.24239
383,1.90794,2.43382,3.4825,3.58632,3.29184,3.11619,5.20946,2.14562,4.39816,3.20771,4.97102,5.41087,5.45394,2.74663,5.19373,4.42769,5.45916,3.11656,6.45182,4.05546,6.69419,5.77049,5.70124,7.80051
384,1.99576,2.54586,3.64281,3.75141,3.44338,3.25964,5.44926,2.24439,4.60062,3.35537,5.19985,5.65994,5.705,2.87306,5.43281,4.63151,5.71046,3.26002,6.74881,4.24215,7.00234,6.03612,5.96368,8.15959
385,2.26051,2.88358,4.12605,4.24905,3.90016,3.69205,6.17214,2.54212,5.21092,3.80048,5.88964,6.41077,6.4618,3.25419,6.1535,5.24591,6.46799,3.69249,7.64408,4.80489,7.93124,6.83685,6.75479,9.24201
386,1.82901,2.33314,3.33844,3.43796,3.15567,2.98728,4.99395,2.05686,4.21622,3.07501,4.76538,5.18703,5.22832,2.633,4.97887,4.24453,5.23333,2.98764,6.18492,3.8877,6.41727,5.53178,5.46539,7.47782
387,2.10505,2.68526,3.84228,3.95683,3.63193,3.43813,5.74766,2.36729,4.85254,3.5391,5.48459,5.96987,6.01739,3.03038,5.7303,4.88513,6.02316,3.43854,7.11836,4.47444,7.38578,6.36665,6.29024,8.6064
388,2.21117,2.82063,4.03598,4.1563,3.81502,3.61145,6.03741,2.48663,5.09717,3.71752,5.76107,6.27082,6.32074,3.18315,6.01917,5.13139,6.3268,3.61188,7.47721,4.70001,7.75811,6.68761,6.60734,9.04026
389,2.26051,2.88358,4.12605,4.24905,3.90016,3.69205,6.17214,2.54212,5.21092,3.80048,5.88964,6.41077,6.4618,3.25419,6.1535,5.24591,6.46799,3.69249,7.64408,4.80489,7.93124,6.83685,6.75479,9.24201
390,2.26051,2.88358,4.12605,4.24905,3.90016,3.69205,6.17214,2.54212,5.21092,3.80048,5.88964,6.41077,6.4618,3.25419,6.1535,5.24591,6.46799,3.69249,7.64408,4.80489,7.93124,6.83685,6.75479,9.24201
391,2.20266,2.80978,4.02046,4.14031,3.80035,3.59756,6.01419,2.47707,5.07756,3.70322,5.73892,6.24671,6.29643,3.17091,5.99602,5.11166,6.30246,3.59799,7.44846,4.68193,7.72827,6.66188,6.58193,9.00549
392,2.26051,2.88358,4.12605,4.24905,3.90016,3.69205,6.17214,2.54212,5.21092,3.80048,5.88964,6.41077,6.4618,3.25419,6.1535,5.24591,6.46799,3.69249,7.64408,4.80489,7.93124,6.83685,6.75479,9.24201
393,2.26051,2.88358,4.12605,4.24905,3.90016,3.69205,6.17214,2.54212,5.21092,3.80048,5.88964,6.41077,6.4618,3.25419,6.1535,5.24591,6.46799,3.69249,7.64408,4.80489,7.93124,6.83685,6.75479,9.24201
394,2.26051,2.88358,4.12605,4.24905,3.90016,3.69205,6.17214,2.54212,5.21092,3.80048,5.88964,6.41077,6.4618,3.25419,6.1535,5.24591,6.46799,3.69249,7.64408,4.80489,7.93124,6.83685,6.75479,9.24201
395,2.09594,2.67365,3.82566,3.93971,3.61622,3.42326,5.72279,2.35705,4.83155,3.52379,5.46086,5.94405,5.99137,3.01728,5.70551,4.86399,5.99711,3.42366,7.08757,4.45509,7.35383,6.33911,6.26303,8.56917
396,2.26051,2.88358,4.12605,4.24905,3.90016,3.69205,6.17214,2.54212,5.21092,3.80048,5.88964,6.41077,6.4618,3.25419,6.1535,5.24591,6.46799,3.69249,7.64408,4.80489,7.93124,6.83685,6.75479,9.24201
397,2.26051,2.88358,4.12605,4.24905,3.90016,3.69205,6.17214,2.54212,5.21092,3.80048,5.88964,6.41077,6.4618,3.25419,6.1535,5.24591,6.46799,3.69249,7.64408,4.80489,7.93124,6.83685,6.75479,9.24201
398,2.26051,2.88358,4.12605,4.24905,3.90016,3.69205,6.17214,2.54212,5.21092,3.80048,5.88964,6.41077,6.4618,3.25419,6.1535,5.24591,6.46799,3.69249,7.64408,4.80489,7.93124,6.83685,6.75479,9.24201
399,2.26051,2.88358,4.12605,4.24905,3.90016,3.69205,6.17214,2.54212,5.21092,3.80048,5.88964,6.41077,6.4618,3.25419,6.1535,5.24591,6.46799,3.69249,7.64408,4.80489,7.93124,6.83685,6.75479,9.24201
400,2.13424,2.72251,3.89557,4.01171,3.6823,3.48582,5.82737,2.40013,4.91984,3.58819,5.56065,6.05267,6.10085,3.07241,5.80977,4.95288,6.1067,3.48623,7.21709,4.5365,7.48822,6.45495,6.37748,8.72576
401,2.26051,2.88358,4.12605,4.24905,3.90016,3.69205,6.17214,2.54212,5.21092,3.80048,5.88964,6.41077,6.4618,3.25419,6.1535,5.24591,6.46799,3.69249,7.64408,4.80489,7.93124,6.83685,6.75479,9.24201
402,2.26051,2.88358,4.12605,4.24905,3.90016,3.69205,6.17214,2.54212,5.21092,3.80048,5.88964,6.41077,6.4618,3.25419,6.1535,5.24591,6.46799,3.69249,7.64408,4.80489,7.93124,6.83685,6.75479,9.24201
403,1.92714,2.45832,3.51756,3.62242,3.32498,3.14756,5.2619,2.16723,4.44244,3.24,5.02107,5.46534,5.50885,2.77428,5.24601,4.47227,5.51412,3.14794,6.51677,4.09629,6.76159,5.82859,5.75863,7.87904
404,2.26051,2.88358,4.12605,4.24905,3.90016,3.69205,6.17214,2.54212,5.21092,3.80048,5.88964,6.41077,6.4618,3.25419,6.1535,5.24591,6.46799,3.69249,7.64408,4.80489,7.93124,6.83685,6.75479,9.24201
405,2.06005,2.62786,3.76014,3.87224,3.55429,3.36463,5.62478,2.31668,4.7488,3.46344,5.36734,5.84225,5.88875,2.9656,5.6078,4.78069,5.8944,3.36503,6.96619,4.37879,7.22789,6.23055,6.15577,8.42241
406,2.08337,2.65761,3.80271,3.91607,3.59452,3.40272,5.68846,2.34291,4.80256,3.50265,5.4281,5.90838,5.95542,2.99917,5.67128,4.83481,5.96112,3.40312,7.04505,4.42836,7.30971,6.30108,6.22545,8.51775
407,1.94852,2.4856,3.55658,3.66261,3.36187,3.18248,5.32028,2.19127,4.49172,3.27595,5.07677,5.52597,5.56996,2.80505,5.30421,4.52188,5.5753,3.18286,6.58906,4.14174,6.8366,5.89325,5.82252,7.96645
408,2.26051,2.88358,4.12605,4.24905,3.90016,3.69205,6.17214,2.54212,5.21092,3.80048,5.88964,6.41077,6.4618,3.25419,6.1535,5.24591,6.46799,3.69249,7.64408,4.80489,7.93124,6.83685,6.75479,9.24201
409,2.19134,2.79534,3.99979,4.11903,3.78081,3.57907,5.98327,2.46433,5.05146,3.68418,5.70941,6.21459,6.26406,3.15461,5.9652,5.08538,6.27006,3.57949,7.41016,4.65786,7.68854,6.62764,6.54809,8.95919
410,1.84002,2.34719,3.35854,3.45867,3.17467,3.00527,5.02403,2.06925,4.24161,3.09353,4.79408,5.21827,5.25981,2.64886,5.00886,4.27009,5.26485,3.00563,6.22217,3.91111,6.45592,5.56509,5.4983,7.52286
411,2.26051,2.88358,4.12605,4.24905,3.90016,3.69205,6.17214,2.54212,5.21092,3.80048,5.88964,6.41077,6.4618,3.25419,6.1535,5.24591,6.46799,3.69249,7.64408,4.80489,7.93124,6.83685,6.75479,9.24201
412,2.26051,2.88358,4.12605,4.24905,3.90016,3.69205,6.17214,2.54212,5.21092,3.80048,5.88964,6.41077,6.4618,3.25419,6.1535,5.24591,6.46799,3.69249,7.64408,4.80489,7.93124,6.83685,6.75479,9.24201
413,2.26051,2.88358,4.12605,4.24905,3.90016,3.69205,6.17214,2.54212,5.21092,3.80048,5.88964,6.41077,6.4618,3.25419,6.1535,5.24591,6.46799,3.69249,7.64408,4.80489,7.93124,6.83685,6.75479,9.24201
414,2.25004,2.87022,4.10693,4.22937,3.88209,3.67494,6.14355,2.53035,5.18678,3.78287,5.86236,6.38107,6.43186,3.23911,6.12499,5.2216,6.43802,3.67538,7.60867,4.78263,7.8945,6.80518,6.7235,9.19919
415,1.80919,2.30785,3.30225,3.4007,3.12147,2.95491,4.93983,2.03457,4.17052,3.04169,4.71373,5.13081,5.17166,2.60447,4.92491,4.19853,5.17661,2.95525,6.11788,3.84556,6.34772,5.47182,5.40615,7.39677
416,2.26051,2.88358,4.12605,4.24905,3.90016,3.69205,6.17214,2.54212,5.21092,3.80048,5.88964,6.41077,6.4618,3.25419,6.1535,5.24591,6.46799,3.69249,7.64408,4.80489,7.93124,6.83685,6.75479,9.24201
417,2.02673,2.58535,3.69932,3.80961,3.4968,3.31021,5.5338,2.27921,4.67199,3.40742,5.28052,5.74775,5.7935,2.91763,5.51709,4.70336,5.79905,3.3106,6.85351,4.30796,7.11098,6.12977,6.0562,8.28618
418,2.26051,2.88358,4.12605,4.24905,3.90016,3.69205,6.17214,2.54212,5.21092,3.80048,5.88964,6.41077,6.4618,3.25419,6.1535,5.24591,6.46799,3.69249,7.64408,4.80489,7.93124,6.83685,6.75479,9.24201
419,2.26051,2.88358,4.12605,4.24905,3.90016,3.69205,6.17214,2.54212,5.21092,3.80048,5.88964,6.41077,6.4618,3.25419,6.1535,5.24591,6.46799,3.69249,7.64408,4.80489,7.93124,6.83685,6.75479,9.24201
420,2.26051,2.88358,4.12605,4.24905,3.90016,3.69205,6.17214,2.54212,5.21092,3.80048,5.88964,6.41077,6.4618,3.25419,6.1535,5.24591,6.46799,3.69249,7.64408,4.80489,7.93124,6.83685,6.75479,9.24201
421,2.26051,2.88358,4.12605,4.24905,3.90016,3.69205,6.17214,2.54212,5.21092,3.80048,5.88964,6.41077,6.4618,3.25419,6.1535,5.24591,6.46799,3.69249,7.64408,4.80489,7.93124,6.83685,6.75479,9.24201
422,2.21753,2.82875,4.04759,4.16826,3.826,3.62184,6.05477,2.49378,5.11183,3.72821,5.77765,6.28886,6.33892,3.19231,6.03649,5.14615,6.345,3.62227,7.49872,4.71353,7.78043,6.70684,6.62635,9.06626
423,2.26051,2.88358,4.12605,4.24905,3.90016,3.69205,6.17214,2.54212,5.21092,3.80048,5.88964,6.41077,6.4618,3.25419,6.1535,5.24591,6.46799,3.69249,7.64408,4.80489,7.93124,6.83685,6.75479,9.24201
424,2.26051,2.88358,4.12605,4.24905,3.90016,3.69205,6.17214,2.54212,5.21092,3.80048,5.88964,6.41077,6.4618,3.25419,6.1535,5.24591,6.46799,3.69249,7.64408,4.80489,7.93124,6.83685,6.75479,9.24201
425,2.0917,2.66824,3.81792,3.93174,3.6089,3.41633,5.71122,2.35228,4.82178,3.51667,5.44981,5.93202,5.97924,3.01117,5.69397,4.85415,5.98497,3.41674,7.07323,4.44607,7.33896,6.32629,6.25036,8.55183
426,2.0593,2.62691,3.75879,3.87084,3.55301,3.36342,5.62275,2.31585,4.74709,3.46219,5.3654,5.84014,5.88663,2.96453,5.60577,4.77897,5.89227,3.36382,6.96368,4.37721,7.22528,6.2283,6.15355,8.41937
427,2.23706,2.85366,4.08324,4.20497,3.85969,3.65374,6.1081,2.51575,5.15685,3.76105,5.82853,6.34425,6.39476,3.22043,6.08965,5.19148,6.40088,3.65417,7.56477,4.75504,7.84896,6.76591,6.68471,9.14612
428,2.12029,2.7047,3.8701,3.98547,3.65822,3.46302,5.78926,2.38443,4.88767,3.56472,5.52429,6.01309,6.06095,3.05232,5.77178,4.92049,6.06676,3.46343,7.16989,4.50683,7.43925,6.41274,6.33577,8.6687
429,2.26051,2.88358,4.12605,4.24905,3.90016,3.69205,6.17214,2.54212,5.21092,3.80048,5.88964,6.41077,6.4618,3.25419,6.1535,5.24591,6.46799,3.69249,7.64408,4.80489,7.93124,6.83685,6.75479,9.24201
430,2.18515,2.78744,3.98848,4.10739,3.77013,3.56895,5.96636,2.45737,5.03719,3.67377,5.69328,6.19703,6.24636,3.14569,5.94834,5.07101,6.25235,3.56938,7.38922,4.6447,7.66682,6.60891,6.52959,8.93388
431,2.10628,2.68684,3.84454,3.95915,3.63406,3.44015,5.75103,2.36868,4.85539,3.54118,5.48781,5.97338,6.02093,3.03216,5.73366,4.88799,6.02669,3.44056,7.12254,4.47707,7.39012,6.37039,6.29393,8.61145
432,2.10408,2.68403,3.84052,3.95501,3.63026,3.43655,5.74502,2.3662,4.85031,3.53748,5.48207,5.96713,6.01463,3.02899,5.72767,4.88288,6.02039,3.43696,7.11509,4.47239,7.38239,6.36373,6.28735,8.60244
433,2.26051,2.88358,4.12605,4.24905,3.90016,3.69205,6.17214,2.54212,5.21092,3.80048,5.88964,6.41077,6.4618,3.25419,6.1535,5.24591,6.46799,3.69249,7.64408,4.80489,7.93124,6.83685,6.75479,9.24201
434,1.99829,2.54908,3.64742,3.75616,3.44774,3.26377,5.45617,2.24724,4.60645,3.35962,5.20644,5.66711,5.71222,2.8767,5.43969,4.63738,5.7177,3.26415,6.75736,4.24752,7.01121,6.04377,5.97123,8.16992
435,2.12325,2.70848,3.8755,3.99104,3.66333,3.46786,5.79735,2.38776,4.8945,3.5697,5.532,6.02148,6.06942,3.05658,5.77984,4.92736,6.07523,3.46827,7.1799,4.51312,7.44963,6.42169,6.34462,8.6808
436,2.26051,2.88358,4.12605,4.24905,3.90016,3.69205,6.17214,2.54212,5.21092,3.80048,5.88964,6.41077,6.4618,3.25419,6.1535,5.24591,6.46799,3.69249,7.64408,4.80489,7.93124,6.83685,6.75479,9.24201
437,2.26051,2.88358,4.12605,4.24905,3.90016,3.69205,6.17214,2.54212,5.21092,3.80048,5.88964,6.41077,6.4618,3.25419,6.1535,5.24591,6.46799,3.69249,7.64408,4.80489,7.93124,6.83685,6.75479,9.24201
438,2.24448,2.86313,4.09678,4.21891,3.8725,3.66586,6.12836,2.52409,5.17396,3.77352,5.84786,6.36529,6.41596,3.23111,6.10985,5.2087,6.42211,3.66629,7.58986,4.77081,7.87499,6.78835,6.70688,9.17645
439,2.1834,2.78521,3.9853,4.10411,3.76711,3.5661,5.96159,2.4554,5.03316,3.67083,5.68873,6.19207,6.24137,3.14318,5.94358,5.06695,6.24735,3.56652,7.38331,4.64098,7.66069,6.60362,6.52437,8.92673
440,2.26051,2.88358,4.12605,4.24905,3.90016,3.69205,6.17214,2.54212,5.21092,3.80048,5.88964,6.41077,6.4618,3.25419,6.1535,5.24591,6.46799,3.69249,7.64408,4.80489,7.93124,6.83685,6.75479,9.24201
441,1.80284,2.29975,3.29067,3.38877,3.11051,2.94454,4.9225,2.02743,4.15589,3.03101,4.69719,5.11281,5.15351,2.59533,4.90763,4.18379,5.15845,2.94489,6.09642,3.83207,6.32544,5.45263,5.38718,7.37082
442,2.14872,2.74097,3.92199,4.03891,3.70727,3.50945,5.86689,2.4164,4.95321,3.61252,5.59836,6.09371,6.14222,3.09325,5.84917,4.98646,6.14811,3.50987,7.26603,4.56726,7.539,6.49873,6.42073,8.78493
443,2.2023,2.80932,4.01979,4.13963,3.79972,3.59697,6.01319,2.47666,5.07672,3.70261,5.73797,6.24567,6.29539,3.17039,5.99503,5.11081,6.30142,3.59739,7.44722,4.68116,7.727,6.66078,6.58084,9.004
444,1.88316,2.40221,3.43728,3.53975,3.2491,3.07572,5.14181,2.11776,4.34105,3.16605,4.90647,5.3406,5.38311,2.71096,5.12628,4.37019,5.38827,3.07609,6.36803,4.0028,6.60726,5.69555,5.6272,7.69921
445,2.20334,2.81064,4.02168,4.14158,3.80151,3.59866,6.01602,2.47782,5.07911,3.70435,5.74067,6.24861,6.29835,3.17188,5.99785,5.11322,6.30439,3.59909,7.45073,4.68336,7.73063,6.66392,6.58394,9.00824
446,2.26051,2.88358,4.12605,4.24905,3.90016,3.69205,6.17214,2.54212,5.21092,3.80048,5.88964,6.41077,6.4618,3.25419,6.1535,5.24591,6.46799,3.69249,7.64408,4.80489,7.93124,6.83685,6.75479,9.24201
447,2.09212,2.66877,3.81868,3.93252,3.60962,3.41701,5.71235,2.35275,4.82274,3.51736,5.4509,5.9332,5.98043,3.01177,5.6951,4.85512,5.98616,3.41742,7.07464,4.44696,7.34041,6.32754,6.2516,8.55353
448,2.22727,2.84117,4.06536,4.18656,3.8428,3.63775,6.08136,2.50474,5.13428,3.74458,5.80302,6.31648,6.36676,3.20633,6.063,5.16875,6.37286,3.63818,7.53165,4.73423,7.8146,6.7363,6.65545,9.10608
449,2.26051,2.88358,4.12605,4.24905,3.90016,3.69205,6.17214,2.54212,5.21092,3.80048,5.88964,6.41077,6.4618,3.25419,6.1535,5.24591,6.46799,3.69249,7.64408,4.80489,7.93124,6.83685,6.75479,9.24201
450,2.26051,2.88358,4.12605,4.24905,3.90016,3.69205,6.17214,2.54212,5.21092,3.80048,5.88964,6.41077,6.4618,3.25419,6.1535,5.24591,6.46799,3.69249,7.64408,4.80489,7.93124,6.83685,6.75479,9.24201
451,2.26051,2.88358,4.12605,4.24905,3.90016,3.69205,6.17214,2.54212,5.21092,3.80048,5.88964,6.41077,6.4618,3.25419,6.1535,5.24591,6.46799,3.69249,7.64408,4.80489,7.93124,6.83685,6.75479,9.24201
452,1.991,2.53978,3.63411,3.74246,3.43516,3.25186,5.43626,2.23904,4.58964,3.34736,5.18744,5.64644,5.69138,2.8662,5.41984,4.62046,5.69684,3.25224,6.73271,4.23203,6.98563,6.02172,5.94945,8.14012
453,2.26051,2.88358,4.12605,4.24905,3.90016,3.69205,6.17214,2.54212,5.21092,3.80048,5.88964,6.41077,6.4618,3.25419,6.1535,5.24591,6.46799,3.69249,7.64408,4.80489,7.93124,6.83685,6.75479,9.24201
454,2.09208,2.66872,3.81861,3.93245,3.60955,3.41695,5.71224,2.3527,4.82264,3.5173,5.45079,5.93309,5.98032,3.01171,5.69499,4.85502,5.98604,3.41735,7.0745,4.44687,7.34027,6.32742,6.25148,8.55336
455,2.10402,2.68395,3.84041,3.9549,3.63016,3.43646,5.74486,2.36614,4.85018,3.53738,5.48191,5.96696,6.01446,3.02891,5.7275,4.88274,6.02022,3.43686,7.11489,4.47226,7.38218,6.36355,6.28717,8.6022
456,2.1885,2.79171,3.9946,4.11368,3.7759,3.57442,5.9755,2.46114,5.0449,3.6794,5.702,6.20653,6.25593,3.15051,5.95746,5.07878,6.26192,3.57485,7.40055,4.65181,7.67856,6.61903,6.53959,8.94756
457,2.26051,2.88358,4.12605,4.24905,3.90016,3.69205,6.17214,2.54212,5.21092,3.80048,5.88964,6.41077,6.4618,3.25419,6.1535,5.24591,6.46799,3.69249,7.64408,4.80489,7.93124,6.83685,6.75479,9.24201
458,2.26051,2.88358,4.12605,4.24905,3.90016,3.69205,6.17214,2.54212,5.21092,3.80048,5.88964,6.41077,6.4618,3.25419,6.1535,5.24591,6.46799,3.69249,7.64408,4.80489,7.93124,6.83685,6.75479,9.24201
459,2.26051,2.88358,4.12605,4.24905,3.90016,3.69205,6.17214,2.54212,5.21092,3.80048,5.88964,6.41077,6.4618,3.25419,6.1535,5.24591,6.46799,3.69249,7.64408,4.80489,7.93124,6.83685,6.75479,9.24201
460,2.09873,2.6772,3.83074,3.94495,3.62102,3.4278,5.73039,2.36018,4.83797,3.52847,5.46811,5.95194,5.99932,3.02128,5.71309,4.87045,6.00507,3.42821,7.09698,4.461,7.3636,6.34753,6.27135,8.58055
461,2.23633,2.85273,4.08191,4.2036,3.85844,3.65255,6.10611,2.51493,5.15517,3.75982,5.82663,6.34218,6.39267,3.21938,6.08767,5.18979,6.39879,3.65298,7.5623,4.75349,7.8464,6.76371,6.68253,9.14314
462,2.26051,2.88358,4.12605,4.24905,3.90016,3.69205,6.17214,2.54212,5.21092,3.80048,5.88964,6.41077,6.4618,3.25419,6.1535,5.24591,6.46799,3.69249,7.64408,4.80489,7.93124,6.83685,6.75479,9.24201
463,2.10526,2.68553,3.84266,3.95722,3.63229,3.43847,5.74823,2.36753,4.85302,3.53945,5.48513,5.97046,6.01799,3.03069,5.73087,4.88561,6.02376,3.43888,7.11907,4.47489,7.38652,6.36728,6.29086,8.60725
464,2.234,2.84975,4.07765,4.19921,3.85441,3.64874,6.09974,2.5123,5.14979,3.7559,5.82055,6.33556,6.386,3.21602,6.08132,5.18437,6.39212,3.64917,7.55441,4.74853,7.83821,6.75665,6.67556,9.13359
465,2.14374,2.73461,3.9129,4.02955,3.69868,3.50132,5.85329,2.4108,4.94173,3.60415,5.58539,6.07959,6.12799,3.08608,5.83561,4.97491,6.13386,3.50173,7.24919,4.55668,7.52152,6.48366,6.40585,8.76457
466,2.26051,2.88358,4.12605,4.24905,3.90016,3.69205,6.17214,2.54212,5.21092,3.80048,5.88964,6.41077,6.4618,3.25419,6.1535,5.24591,6.46799,3.69249,7.64408,4.80489,7.93124,6.83685,6.75479,9.24201
467,2.26051,2.88358,4.12605,4.24905,3.90016,3.69205,6.17214,2.54212,5.21092,3.80048,5.88964,6.41077,6.4618,3.25419,6.1535,5.24591,6.46799,3.69249,7.64408,4.80489,7.93124,6.83685,6.75479,9.24201
468,2.18656,2.78924,3.99106,4.11005,3.77257,3.57126,5.97022,2.45896,5.04045,3.67614,5.69696,6.20104,6.2504,3.14773,5.95219,5.07429,6.25639,3.57169,7.394,4.6477,7.67178,6.61318,6.53381,8.93965
469,2.26051,2.88358,4.12605,4.24905,3.90016,3.69205,6.17214,2.54212,5.21092,3.80048,5.88964,6.41077,6.4618,3.25419,6.1535,5.24591,6.46799,3.69249,7.64408,4.80489,7.93124,6.83685,6.75479,9.24201
470,2.26051,2.88358,4.12605,4.24905,3.90016,3.69205,6.17214,2.54212,5.21092,3.80048,5.88964,6.41077,6.4618,3.25419,6.1535,5.24591,6.46799,3.69249,7.64408,4.80489,7.93124,6.83685,6.75479,9.24201
471,2.26051,2.88358,4.12605,4.24905,3.90016,3.69205,6.17214,2.54212,5.21092,3.80048,5.88964,6.41077,6.4618,3.25419,6.1535,5.24591,6.46799,3.69249,7.64408,4.80489,7.93124,6.83685,6.75479,9.24201
472,2.07815,2.65096,3.79319,3.90627,3.58553,3.3942,5.67422,2.33705,4.79054,3.49389,5.41451,5.8936,5.94051,2.99167,5.65709,4.82271,5.9462,3.3946,7.02742,4.41727,7.29142,6.28531,6.20987,8.49643
473,1.99864,2.54952,3.64805,3.75681,3.44834,3.26433,5.45711,2.24763,4.60724,3.3602,5.20734,5.66809,5.71321,2.8772,5.44063,4.63818,5.71868,3.26472,6.75853,4.24826,7.01243,6.04481,5.97227,8.17134
474,1.88201,2.40075,3.43517,3.53758,3.24711,3.07384,5.13866,2.11647,4.33839,3.16412,4.90347,5.33733,5.37982,2.7093,5.12314,4.36752,5.38497,3.07421,6.36414,4.00035,6.60322,5.69207,5.62376,7.6945
475,2.14477,2.73593,3.91479,4.03149,3.70046,3.50301,5.85611,2.41196,4.94411,3.60588,5.58808,6.08252,6.13094,3.08757,5.83843,4.97731,6.13681,3.50342,7.25268,4.55887,7.52515,6.48679,6.40893,8.7688
476,2.05624,2.62301,3.7532,3.86509,3.54772,3.35842,5.6144,2.31241,4.74004,3.45705,5.35743,5.83146,5.87788,2.96013,5.59744,4.77187,5.88351,3.35882,6.95333,4.3707,7.21454,6.21904,6.1444,8.40686
477,2.26051,2.88358,4.12605,4.24905,3.90016,3.69205,6.17214,2.54212,5.21092,3.80048,5.88964,6.41077,6.4618,3.25419,6.1535,5.24591,6.46799,3.69249,7.64408,4.80489,7.93124,6.83685,6.75479,9.24201
478,2.05434,2.62058,3.74973,3.86151,3.54444,3.35531,5.6092,2.31027,4.73565,3.45385,5.35247,5.82606,5.87244,2.95738,5.59226,4.76745,5.87807,3.35571,6.94689,4.36666,7.20786,6.21328,6.13871,8.39907
479,2.26051,2.88358,4.12605,4.24905,3.90016,3.69205,6.17214,2.54212,5.21092,3.80048,5.88964,6.41077,6.4618,3.25419,6.1535,5.24591,6.46799,3.69249,7.64408,4.80489,7.93124,6.83685,6.75479,9.24201
480,2.10372,2.68357,3.83985,3.95433,3.62963,3.43596,5.74402,2.36579,4.84947,3.53687,5.48112,5.9661,6.01359,3.02847,5.72668,4.88204,6.01935,3.43636,7.11386,4.47161,7.38111,6.36263,6.28626,8.60095
481,2.23909,2.85625,4.08694,4.20878,3.8632,3.65706,6.11364,2.51803,5.16153,3.76446,5.83382,6.35001,6.40055,3.22335,6.09518,5.19619,6.40669,3.65749,7.57163,4.75935,7.85607,6.77205,6.69077,9.15441
482,2.2537,2.87489,4.11362,4.23625,3.88841,3.68093,6.15355,2.53447,5.19522,3.78903,5.8719,6.39145,6.44233,3.24439,6.13496,5.23011,6.4485,3.68136,7.62105,4.79042,7.90735,6.81625,6.73445,9.21416
483,2.26051,2.88358,4.12605,4.24905,3.90016,3.69205,6.17214,2.54212,5.21092,3.80048,5.88964,6.41077,6.4618,3.25419,6.1535,5.24591,6.46799,3.69249,7.64408,4.80489,7.93124,6.83685,6.75479,9.24201
484,2.26051,2.88358,4.12605,4.24905,3.90016,3.69205,6.17214,2.54212,5.21092,3.80048,5.88964,6.41077,6.4618,3.25419,6.1535,5.24591,6.46799,3.69249,7.64408,4.80489,7.93124,6.83685,6.75479,9.24201
485,2.21063,2.81995,4.035,4.15529,3.8141,3.61058,6.03595,2.48603,5.09593,3.71662,5.75968,6.26931,6.31921,3.18238,6.01772,5.13015,6.32527,3.61101,7.4754,4.69887,7.75624,6.68599,6.60574,9.03807
486,2.26051,2.88358,4.12605,4.24905,3.90016,3.69205,6.17214,2.54212,5.21092,3.80048,5.88964,6.41077,6.4618,3.25419,6.1535,5.24591,6.46799,3.69249,7.64408,4.80489,7.93124,6.83685,6.75479,9.24201
487,2.26051,2.88358,4.12605,4.24905,3.90016,3.69205,6.17214,2.54212,5.21092,3.80048,5.88964,6.41077,6.4618,3.25419,6.1535,5.24591,6.46799,3.69249,7.64408,4.80489,7.93124,6.83685,6.75479,9.24201
488,2.26051,2.88358,4.12605,4.24905,3.90016,3.69205,6.17214,2.54212,5.21092,3.80048,5.88964,6.41077,6.4618,3.25419,6.1535,5.24591,6.46799,3.69249,7.64408,4.80489,7.93124,6.83685,6.75479,9.24201
489,2.11793,2.7017,3.8658,3.98105,3.65416,3.45917,5.78283,2.38178,4.88224,3.56076,5.51816,6.00641,6.05422,3.04893,5.76537,4.91502,6.06002,3.45958,7.16193,4.50183,7.43098,6.40562,6.32874,8.65907
490,2.26051,2.88358,4.12605,4.24905,3.90016,3.69205,6.17214,2.54212,5.21092,3.80048,5.88964,6.41077,6.4618,3.25419,6.1535,5.24591,6.46799,3.69249,7.64408,4.80489,7.93124,6.83685,6.75479,9.24201
491,1.89996,2.42364,3.46794,3.57132,3.27808,3.10316,5.18767,2.13665,4.37977,3.19429,4.95023,5.38824,5.43113,2.73514,5.17201,4.40918,5.43633,3.10353,6.42483,4.0385,6.6662,5.74636,5.67739,7.76789
492,2.26051,2.88358,4.12605,4.24905,3.90016,3.69205,6.17214,2.54212,5.21092,3.80048,5.88964,6.41077,6.4618,3.25419,6.1535,5.24591,6.46799,3.69249,7.64408,4.80489,7.93124,6.83685,6.75479,9.24201
493,2.26051,2.88358,4.12605,4.24905,3.90016,3.69205,6.17214,2.54212,5.21092,3.80048,5.88964,6.41077,6.4618,3.25419,6.1535,5.24591,6.46799,3.69249,7.64408,4.80489,7.93124,6.83685,6.75479,9.24201
494,2.26051,2.88358,4.12605,4.24905,3.90016,3.69205,6.17214,2.54212,5.21092,3.80048,5.88964,6.41077,6.4618,3.25419,6.1535,5.24591,6.46799,3.69249,7.64408,4.80489,7.93124,6.83685,6.75479,9.24201
495,2.26051,2.88358,4.12605,4.24905,3.90016,3.69205,6.17214,2.54212,5.21092,3.80048,5.88964,6.41077,6.4618,3.25419,6.1535,5.24591,6.46799,3.69249,7.64408,4.80489,7.93124,6.83685,6.75479,9.24201
496,2.26051,2.88358,4.12605,4.24905,3.90016,3.69205,6.17214,2.54212,5.21092,3.80048,5.88964,6.41077,6.4618,3.25419,6.1535,5.24591,6.46799,3.69249,7.64408,4.80489,7.93124,6.83685,6.75479,9.24201
497,2.11967,2.70391,3.86897,3.98431,3.65715,3.46201,5.78757,2.38373,4.88624,3.56368,5.52267,6.01133,6.05918,3.05143,5.77009,4.91905,6.06499,3.46242,7.1678,4.50551,7.43707,6.41087,6.33392,8.66616
498,2.26051,2.88358,4.12605,4.24905,3.90016,3.69205,6.17214,2.54212,5.21092,3.80048,5.88964,6.41077,6.4618,3.25419,6.1535,5.24591,6.46799,3.69249,7.64408,4.80489,7.93124,6.83685,6.75479,9.24201
499,2.26051,2.88358,4.12605,4.24905,3.90016,3.69205,6.17214,2.54212,5.21092,3.80048,5.88964,6.41077,6.4618,3.25419,6.1535,5.24591,6.46799,3.69249,7.64408,4.80489,7.93124,6.83685,6.75479,9.24201
