,column_height,diffusion_coef,ellipse_major_axis,ellipse_minor_axis,tgsd_mean,tgsd_sigma,total_erupted_mass,wind_direction,wind_speed
0,10018.767980151935,1762.7510035448151,17042.808321294047,11000.0,-0.5550124751109635,1.0,467903504967.06305,177.85098241565487,1.9241338944161077
1,13029.187671696456,865.8869588182413,14187.40921016572,11000.0,-1.5245335993697755,1.0,76343600303.9885,238.3091271529463,4.035918918519142
2,15621.878464066765,431.5668764101323,8842.271741124456,11000.0,1.8650975823805855,1.0,28305989374.335396,166.1849991027297,5.0280379740676855
3,28596.962610213544,1650.551312311365,23737.7235383538,11000.0,1.0941458358518186,1.0,245756563157.37357,173.56320051540592,14.398853810428687
4,20135.68920044987,749.3823876899611,9734.358787033598,11000.0,1.2562079109172224,1.0,421482906063.73206,244.7055582212364,16.235147031030788
5,16440.128214569308,858.428310747396,6197.051992157858,11000.0,-1.4598769589537803,1.0,401810101770.7104,243.8088239572807,9.022989672031965
6,19091.80207601461,2548.0938127960458,12102.577343581965,11000.0,-0.12417779208119661,1.0,492310950161.1721,248.18306791559627,13.623687486021646
7,23666.525634732083,875.5601047419954,21860.02615752013,11000.0,1.241382054472513,1.0,293456880290.2759,209.26353263127595,13.53171795411769
8,14807.207192288446,1123.7633066119338,15527.249867187315,11000.0,-1.3423994032455862,1.0,298111515213.4601,192.66039949602347,18.576095653145874
9,25678.99441663312,1708.3489141690275,21077.319679175867,11000.0,0.28990681848086686,1.0,178057061265.52832,170.90110809267782,0.9473147001786054
10,13299.816227404528,2219.672251178288,22116.596411249164,11000.0,1.2079258943014017,1.0,83706673812.26016,172.32852908315505,12.267118973739873
11,25084.71999583616,1305.2779715832676,19601.103815953204,11000.0,-0.015679753160970922,1.0,462163648494.3091,164.07635055323837,18.081997755341106
12,18893.96296799207,1083.3734883089705,8921.754890924383,11000.0,-1.9331565236971242,1.0,265584064212.80417,210.58227743824912,16.52857347759222
13,11544.555782819984,1845.4862112337685,22294.77179094291,11000.0,0.5326683420837175,1.0,464366576468.217,237.99625188100714,10.23289187657385
14,19255.023786297228,1298.9225002414983,17865.023163213093,11000.0,-0.5904721088606157,1.0,182978589267.52808,206.79427363120973,17.270284350076867
15,17151.30296351525,2992.265191103261,23598.520105891675,11000.0,0.44527680349034204,1.0,214034470182.8568,219.67768898530167,10.520375564809731
16,20531.17683727022,1239.5342971210794,15444.366217095327,11000.0,1.3867757242713905,1.0,33736984288.80226,172.49760478955787,7.904832362505897
17,11986.079340467697,975.9125113762806,9381.208232360143,11000.0,1.2840504813456879,1.0,264661705683.85873,165.20072602593052,15.324838470927475
18,15079.59733516039,713.6956635621623,24878.786102576578,11000.0,-1.124611953139382,1.0,330105903445.9568,160.83404045443626,16.42793041653359
19,21740.297697296523,1522.1374582770386,22434.227198879347,11000.0,1.2055473966143322,1.0,88795951940.69836,213.34869594096963,2.3037321388762133
20,25171.57309140431,2613.369073053306,12457.599710045093,11000.0,1.992448994843396,1.0,445280260515.001,218.03828832965576,4.089965397237789
21,27086.19706815794,1445.0577533851556,17233.85785058349,11000.0,-1.2533773322401167,1.0,257790178495.57156,167.72947425790196,11.24653936965473
22,25771.417150474554,990.3773781140978,21692.16730126363,11000.0,0.3783089165567701,1.0,225376304528.25156,248.60924519538685,15.305916557493633
23,23501.56116782099,2000.1890929778099,5688.347627038,11000.0,0.9872820453716713,1.0,106585172944.35634,233.50627990647,11.019251611469599
24,11167.216570825656,1619.3688480164615,9209.0085943171,11000.0,-1.1931803000777998,1.0,165779681169.4039,259.76314908836565,4.381506984313394
25,26071.371136621397,1553.737839804658,20260.240163482325,11000.0,1.948813548811434,1.0,371635467298.4124,236.80888753410557,2.3713696338302657
26,29404.46043946698,784.2434603006764,16543.461633073093,11000.0,-0.8546677922340327,1.0,404400279127.89154,196.38199641693257,19.76579324368667
27,21448.971760279263,709.2876290543925,23263.89823773781,11000.0,0.31500595731623715,1.0,442265309160.1147,254.56252287417277,17.7012041794446
28,13884.00116101405,2883.0994366974346,24828.78151425548,11000.0,-1.566812035334952,1.0,402573531766.73553,198.17415155709625,1.2819777747305194
29,23330.2110618922,2161.1214824107487,9486.33759913011,11000.0,0.03719432950660284,1.0,201945259970.59064,219.98955017367942,13.905259445639215
30,26295.708875800057,2269.282545884641,24630.235840067886,11000.0,0.24103916686758486,1.0,143691568265.5901,175.71433328300523,6.575050086165649
31,25536.382173294718,2729.336726239311,12420.489741107785,11000.0,1.1117178536805037,1.0,365122318911.3024,259.7914463651332,10.0259423523198
32,16527.111462142773,1282.734569412954,6481.782858223842,11000.0,-1.9048207465269926,1.0,293477682001.99567,186.62914572032864,16.020722913193623
33,23175.718899728097,1360.0298844074741,12799.34405433451,11000.0,1.8527500665144703,1.0,195481681347.78915,237.818217405945,14.793368272740178
34,13594.260122968544,1698.0139826995992,6428.149754327519,11000.0,0.6279352311296535,1.0,474410746189.3591,160.0821188789396,19.23871440689718
35,14299.713035666253,2669.2272679964153,8455.107801459531,11000.0,-1.1653468861769571,1.0,269358953536.99908,162.3657592983644,18.856012109268086
36,15278.371570230509,779.6394780141982,5664.670874463811,11000.0,1.4962873003928219,1.0,13189961394.36996,210.8569315658196,16.887416797711758
37,11394.175079036477,1401.9056217915527,14372.220005168843,11000.0,1.3577608459465798,1.0,490513184952.427,198.64627530816676,17.55328246939107
38,15820.816944855345,2346.796767055175,12625.326575973548,11000.0,1.643919816943594,1.0,60019806534.626785,258.0420877656805,5.5445814842947385
39,24597.605899675313,1374.8342566417573,13441.567342922635,11000.0,-1.7907276929962364,1.0,73859848789.9985,197.805291397419,10.024095094515884
40,23436.590399098415,2747.587960459097,19796.90505075665,11000.0,0.01117060262804248,1.0,413118521246.59796,194.04135719758506,4.621073759571554
41,29695.477908919038,2143.4656905443053,6746.289102700005,11000.0,-0.7491333833079623,1.0,314286692590.4078,196.03497490336514,9.895553215409477
42,22821.589530603575,2176.906049433394,6187.434143033408,11000.0,1.086050158102879,1.0,394610021341.9078,235.86273764822306,5.226535183639495
43,25398.333533272365,2518.9275059790816,18608.960992057026,11000.0,-1.1623773691303283,1.0,288358285800.6581,228.3119782169009,7.781459792043551
44,29214.78827087605,2597.467331379376,10872.853285056237,11000.0,0.1990143305675982,1.0,476079585823.0633,243.68844290966126,6.1246239352075955
45,19795.139442868873,2763.505006113279,22947.50192034539,11000.0,1.2696754144894582,1.0,315207392711.6243,233.87061247268832,5.895358653268583
46,17891.44070394551,1577.4273072194958,15602.440274109556,11000.0,-1.3075385557848151,1.0,252146905926.28864,201.54866245107854,10.548587507388358
47,12395.92659431712,2514.135378053383,24492.19980396931,11000.0,-1.7908752682653244,1.0,193171264170.37628,175.8948750154142,10.32212646531237
48,10888.334593717245,661.6911191289594,7897.318500421376,11000.0,-1.8271202167418874,1.0,88122222720.14682,189.7061689872786,1.2310845116806628
49,27980.800914567386,2177.136680936548,14555.26709357156,11000.0,-0.20331209005065087,1.0,42636288633.546036,227.08208883360143,3.2316885194957377
50,22958.246478558576,957.1180027769694,12409.445099774635,11000.0,0.22334173112953426,1.0,154135101619.0308,226.38920239705558,16.27732217157977
51,12835.268443548364,1620.8785161075314,9585.185325241366,11000.0,1.7582147419875964,1.0,283617079006.4239,235.53852383347368,3.892526830830763
52,23515.803766499674,1913.6026824397013,16677.385956451653,11000.0,-0.2503485366538407,1.0,493200059294.65,181.86696213240452,10.910002280918865
53,16378.625906351022,1630.4457342358126,17342.00923303199,11000.0,-0.04652361352686851,1.0,78874799148.7371,212.30917090133227,7.767976277442642
54,16369.463846382958,1160.3852047103303,14038.411535950781,11000.0,0.5040510521857633,1.0,393511379256.08954,230.90338652633142,15.288928659640955
55,23044.556086356522,1974.6640091598192,24360.294959929728,11000.0,1.6989961000797376,1.0,288732316961.7074,186.57474127576273,2.4973805283341974
56,11541.52386780215,765.3160300100262,10388.164920446285,11000.0,-0.1947095562012442,1.0,32123049880.304962,241.9982941665505,19.15588380342835
57,21089.653303319275,2793.6528063845394,9003.976636447442,11000.0,-1.1990622813269312,1.0,211065876599.6467,162.80824696882212,11.008221759941037
58,19543.99426360998,1181.7056062453726,12039.662236248687,11000.0,-1.6733379347797621,1.0,46474665679.81874,200.11597175378103,4.670300200988382
59,29254.73953316824,492.8089167439649,24008.23785809806,11000.0,-1.196758801636706,1.0,137868162435.08218,180.54456143374912,16.940545028035952
60,28861.099403862157,2737.916842875649,12951.965665400217,11000.0,-0.7816059888529989,1.0,394999994360.87427,214.1474970826098,9.484821572542968
61,29383.381112125484,451.7774325171995,24984.23525517786,11000.0,-1.5457913232037455,1.0,141232414008.9931,224.15050400098315,16.020507028057523
62,16032.879923234776,891.8815139793302,14662.219640880168,11000.0,-0.5981742774776166,1.0,92397556708.27261,204.1323779725094,1.9422992591813237
63,26438.07570000254,2719.508209790035,12624.049681259728,11000.0,-0.7856397452300592,1.0,476667696848.3395,187.187705660077,18.455847079726496
64,11156.701484244844,1251.6801219307088,21488.751027372833,11000.0,-0.1746734621711603,1.0,304122391235.4137,206.9840446292643,5.325972021413974
65,22241.971040966637,518.0829806568026,19402.31689046266,11000.0,0.7930335616166664,1.0,211641839276.8852,203.28745226737317,5.063220739324147
66,14366.184560175401,1340.0113665485655,23762.525912254852,11000.0,1.0693076137262056,1.0,376032087189.3525,202.73720022572013,17.6127356990575
67,12375.518728061394,2409.8095418095386,17267.838593738838,11000.0,-1.045374149950236,1.0,250759224890.02643,244.9014893767888,9.702536323368173
68,16153.64465569369,2142.27540688556,17463.74976386349,11000.0,-0.08666126833722787,1.0,18079288371.81293,227.05748790437374,3.4830224907882776
69,25979.891554192847,2224.263959950408,13102.322375714095,11000.0,0.9980572681449305,1.0,169551405067.7071,218.47847758252948,2.195453102806143
70,10029.91921669042,1111.3974397416791,24023.201596367602,11000.0,-0.02251460103431402,1.0,176664589564.53192,173.59958866206458,5.714831300338217
71,27942.773917395865,1939.5993561423054,19703.937502035104,11000.0,0.7553345016404016,1.0,136379902503.95229,217.00011844368495,17.82628851368603
72,25616.72126563722,2578.8969313727034,11528.505718512919,11000.0,1.2648823239425853,1.0,275660317613.5266,208.94895187445888,1.656849749261071
73,12447.538305282644,2093.986538822607,5588.702548322777,11000.0,-0.978128704924869,1.0,176784020420.21155,194.91072124605864,5.5984038847935285
74,28401.450923725795,1871.7975672384814,20547.731457946546,11000.0,1.5108200558086433,1.0,181854038004.7438,188.34631057781746,18.52091450659227
75,21310.887624141185,1762.193335468853,13906.059358151992,11000.0,-0.7533925477130707,1.0,392074740951.34,176.4155408982827,19.883973536866474
76,10704.765416786497,386.04134187259496,15362.963398074166,11000.0,0.5262818576845838,1.0,469464720336.00964,233.35163343478902,16.635683252577596
77,24011.944905553086,2738.285630399453,19822.387855962552,11000.0,0.6632724995985537,1.0,109123517392.43971,210.36102914924928,1.428935126163164
78,12892.293345803973,1732.592620416482,24278.04949124291,11000.0,-1.3980094529820737,1.0,390198119023.50037,254.72205161055126,9.90924750450304
79,15303.209608992842,1781.8420489284163,11353.539631409078,11000.0,1.5476724937069077,1.0,392888288488.8767,215.1638133485381,9.26560951196599
80,26013.984187613256,761.2420399523799,11895.062901501698,11000.0,-0.32174185431657554,1.0,247608794111.92603,237.9519289246177,3.2550705003451226
81,25885.7061179034,2497.9191355745547,12232.808143337561,11000.0,0.39928282313754604,1.0,234817979919.09476,182.9538522827528,18.534479536584236
82,10227.297884479913,1520.1149638326362,9423.090246756374,11000.0,-0.6639225663433845,1.0,222193308622.291,215.652266118154,12.174371100455854
83,17155.226321187052,1538.3262520571045,14908.868558501617,11000.0,1.6772268720015306,1.0,476933478549.3381,236.43682169652527,10.553769981249477
84,26378.76590698807,1206.4922441459255,8733.097426138998,11000.0,0.8357809481207692,1.0,262377545030.32605,190.95724341191067,0.757892247911774
85,13661.873408894357,590.1371356881173,16519.64394421193,11000.0,0.9149660399528861,1.0,215748794055.0989,222.1928127940642,4.073902206825545
86,18105.850622988928,2362.419047396495,14347.522762021697,11000.0,-0.6790746461600983,1.0,445382254346.8736,201.36119230234226,17.301173126340288
87,24809.712760909824,1273.3142420816162,17296.010853466338,11000.0,0.8154430828920636,1.0,387418780104.13116,241.1454403873083,2.119612930334273
88,22704.514176733595,2321.5098559658936,6103.999613506796,11000.0,0.4431157420400562,1.0,329280766210.6192,248.76187547416453,15.898444329799435
89,28859.97627543091,368.3609897098499,13853.747559412703,11000.0,-0.35872875485727596,1.0,96272129606.77892,165.74201211994264,12.375639775766176
90,16585.537723065827,2542.081933573042,22669.53769986072,11000.0,1.5474098155496607,1.0,289592922776.7664,251.22176501620046,2.85953990881372
91,22731.264780621885,2172.09178482434,12501.009677756698,11000.0,0.22183162323592187,1.0,145952062320.67282,224.89957668725512,7.26986069706455
92,22981.166304184502,860.0790769843674,19473.682330662727,11000.0,-1.0242057617088882,1.0,69974510839.99846,191.69426795137508,17.782631011073672
93,27096.224610219444,794.8853993238026,7058.550342135674,11000.0,-0.5699381256569973,1.0,226200617655.38458,247.31617264004518,11.629184479826392
94,18558.08996699311,1170.2434357723316,8424.510984324783,11000.0,0.01175635177380352,1.0,485124908042.39105,193.88607990126675,9.798713728779855
95,25306.97175277682,865.353707504169,18913.029746693937,11000.0,-0.5012020372802448,1.0,91864526385.0633,210.65031946632814,9.561078110221535
96,21600.204932090986,501.45551438247446,6750.800775020691,11000.0,1.27553298249084,1.0,31832869169.53873,163.63607635148077,14.804796151696697
97,29039.56747863105,1161.0236952802013,21739.204185153292,11000.0,-1.4802113251196656,1.0,468373000856.6324,208.99588445984134,11.08437732337795
98,25993.641757270256,729.5367531806494,21927.812914865794,11000.0,-1.630549896102345,1.0,449585807159.0719,254.78340362751064,0.9158514601204228
99,17730.186276844663,1876.8275184706595,12677.289422765556,11000.0,0.5682974518336978,1.0,16560020808.969444,165.4953772849292,8.180512239780207
100,16109.064696758585,1620.4977399475874,21727.972368762297,11000.0,-0.5093687285656556,1.0,23777745394.55448,166.35011097177372,11.52553179926159
101,18599.079809328472,1175.9074004646989,22922.461722957487,11000.0,-1.1691518945485906,1.0,99860595852.77582,180.04964448866622,9.59598169754076
102,10234.101485703444,1947.9833892966933,10665.358632251638,11000.0,0.4582755401227727,1.0,414471077205.6369,168.9038380300913,11.041533780163038
103,10600.120104802845,2971.929890766885,11739.956043631231,11000.0,1.989528903819627,1.0,194662244514.8768,214.57254040183307,6.547570960921492
104,22012.611188297225,2009.402878134049,12201.128009107597,11000.0,-1.119126043959672,1.0,146010515459.74066,206.52544400791282,6.64790085542126
105,26716.59584138596,2923.477901126898,19966.795393700704,11000.0,-1.0897819619419344,1.0,152780596480.51868,241.79764588203085,8.32600702575457
106,14581.842443276586,1054.3774328400937,9590.60081766597,11000.0,-0.459764539181422,1.0,32669283471.782883,172.573509375913,8.019445944323024
107,18016.601702928187,2569.676466691992,15988.34301645582,11000.0,-0.45975187447666155,1.0,56663666959.44529,234.11243577752236,18.479279472709926
108,16273.684546431832,2845.975473040557,22446.258392657848,11000.0,1.49970035451401,1.0,160611226279.7354,253.62047362343955,9.1536027686532
109,21965.846850226982,677.2106698615919,20531.211968018157,11000.0,0.5098419592804984,1.0,219931149678.70593,201.6520008248907,11.758265600707956
110,20799.3407902748,659.3673639948292,19678.383934206402,11000.0,0.3230214923521859,1.0,210104748809.85562,197.64176456577567,14.826613268370862
111,18107.40660533389,2811.4131083846673,24673.549976032933,11000.0,-0.8977950079097847,1.0,34800367040.27633,228.34834604228092,5.413191281978394
112,17641.731917124696,302.9832778338153,12059.493475139381,11000.0,-0.21711931610415025,1.0,169963506383.3205,169.8868212654176,9.421780490421899
113,28758.902189690347,2850.3449529716954,22153.798854166263,11000.0,-0.3314635831679178,1.0,456401379524.9538,247.8886899903226,14.32354402123067
114,21064.019288935677,1587.7012281600612,9855.333818040188,11000.0,-1.6136771482775663,1.0,420413340887.4225,174.3724549813493,13.200079139102181
115,28931.90488798952,2250.5105633127096,11148.24969495678,11000.0,-0.595560179960489,1.0,432937911775.34735,198.15803762707145,5.1446194512269
116,19544.157107687497,1718.0756398222231,22920.302336975936,11000.0,-1.5427545036281827,1.0,21912425011.897125,239.72384175287635,9.25612879990109
117,18275.267729630734,2457.483736204022,12975.685152578202,11000.0,1.8713836780233049,1.0,145253965550.51538,188.48630967120104,17.954959969967177
118,14146.669011519596,2668.3409511475525,11714.298145973376,11000.0,-1.4608455722207325,1.0,100005672786.31294,241.20554558325978,6.587324451264098
119,24314.936869840833,817.0640770223227,14019.820656000344,11000.0,-0.18270976374308612,1.0,290802240805.9899,195.70863223479165,10.78858198746274
120,24744.915752191366,1943.3808940267377,9075.589929249198,11000.0,0.4280495253182206,1.0,18997988720.09297,214.8723384861454,12.790602793407254
121,14265.922190001667,812.8809620644543,11451.839914075088,11000.0,-1.6517224101706423,1.0,174644490727.9898,201.7137305659004,4.140991950700783
122,25499.615866058408,1440.0936289037265,7353.118771761824,11000.0,-1.6066848036541277,1.0,254887384468.84302,182.78557303009114,5.323593591533778
123,25177.57744538883,1995.9250015302343,21502.31840154637,11000.0,-1.8889661347398734,1.0,241718457143.7379,162.21812280458204,3.2226874731984285
124,18556.972153323914,2143.505710313494,14423.487474397887,11000.0,1.3995083828198451,1.0,43656101880.50915,191.03594898269162,1.1460174590596641
125,28778.36614654597,2861.4280577815093,12525.361182317876,11000.0,-0.2467519780235512,1.0,474856473622.7019,202.294453522997,11.26838909568547
126,12236.429255377565,1642.7155420656634,23725.963010342202,11000.0,-1.8867795928926285,1.0,349770970546.53735,209.79161509664374,3.782179594707215
127,11776.959180779975,2124.6376357286326,5231.137740932017,11000.0,0.08274783163365029,1.0,411246391575.6466,178.3157019890172,18.929744949347523
128,19650.70899840114,1564.0423371996246,18981.127402849765,11000.0,-1.0373417644123966,1.0,134257800684.25171,187.607433055007,11.159389252899574
129,12160.185770818316,2848.101150409715,11990.089441678016,11000.0,-0.5287207439627206,1.0,467725752074.69855,168.95995946170143,14.78149843806051
130,17674.984735141188,706.4522761587086,24601.023909320855,11000.0,-0.06144602685493705,1.0,185545986064.77496,253.43072382157237,3.3439004367229903
131,21407.847519931827,2832.726902612388,7673.249645777513,11000.0,-1.8781839640633295,1.0,180064710402.57758,244.15080245496557,1.2804286375777074
132,22061.315593561954,936.236786828711,17450.07798282503,11000.0,-0.9756219645541444,1.0,304242712806.00604,219.08871382795508,7.555938666998883
133,22299.692912581566,1456.334609423444,15491.805871164184,11000.0,1.612535646664719,1.0,255303994171.12445,227.4775715819506,5.013552736080454
134,22119.214531090838,1693.8628018232926,11846.530007784699,11000.0,0.5235879632981493,1.0,103346036661.42357,161.7937709101635,2.7646358577769847
135,28958.597745359824,1327.0279511102399,14417.774300363815,11000.0,-0.8177086607143234,1.0,215162554923.60577,195.3215102467532,7.097279217097606
136,11864.278616298938,943.8294461823639,23366.093657666624,11000.0,0.5963428976961938,1.0,318365625007.4085,169.35851213730942,3.8956013295376204
137,26450.492270629096,925.4841336342142,15850.165741500728,11000.0,-1.779136701431335,1.0,55569496711.44667,170.43564165708298,8.006215714272216
138,29352.738259320726,2414.967762008243,20284.824014432914,11000.0,-1.2908711559108217,1.0,225356237141.7015,231.8710542583283,14.829388830713768
139,11487.376920401563,1403.308825154061,11051.548144254706,11000.0,0.6640573734242605,1.0,102336261262.19519,202.15354673881217,0.8916119473583246
140,17256.918595149607,837.5851574556962,17467.47404444351,11000.0,0.7044075789233593,1.0,42228203344.998024,162.77591234134974,18.599590364568538
141,14186.148214902005,1241.4372665275773,16680.958445167937,11000.0,1.970724382153905,1.0,394238874794.77625,194.65134898622333,6.3645336055005615
142,13624.733845757157,2567.7700099872254,21161.727972931632,11000.0,1.3119879033934971,1.0,470944274680.4946,203.16015680690808,9.844734444964562
143,13399.856426999197,2619.743860397176,8020.042543306043,11000.0,-0.2924117405154245,1.0,136644937981.08603,243.76974909567934,15.004974376785134
144,18050.6774308716,2307.2059560866883,15133.592147004767,11000.0,0.06897158696414918,1.0,410903638182.4907,205.86623822291244,11.160563671217036
145,15817.139019065093,1919.628894839036,20714.378246477383,11000.0,-1.7960033553053654,1.0,87599714191.85019,177.0019151167421,3.280751270367163
146,22497.2801604708,630.357053493211,5617.77593944977,11000.0,1.9440441985323997,1.0,131018198782.75984,222.59901947671904,7.180564638134386
147,13821.44854778488,1982.0842279308602,5701.261816701999,11000.0,-0.6678945047819647,1.0,405075138113.1241,219.6459430442001,1.9664561593153085
148,29052.68845052638,1397.6704185649744,19978.664250699796,11000.0,-1.7209771495890949,1.0,374645291128.0551,163.39393448572238,17.479059493302117
149,28326.93160306263,1759.5388450015773,12686.049985882604,11000.0,-1.3460391385811867,1.0,283407413598.0167,191.74861684340667,6.165814971811244
150,25079.536922538522,1141.1442590358606,11877.263057405777,11000.0,1.9936238513966753,1.0,271058624367.058,228.06407709356688,18.148371473207924
151,19683.20879952883,2590.1881919586112,6545.955226217417,11000.0,0.43942582812049746,1.0,394564477164.5465,248.76652019534703,13.678305999784993
152,25605.493504196234,2919.928140762947,10912.395078453948,11000.0,-1.0770177611163514,1.0,225291456481.29083,169.419910674347,13.18798578298207
153,20526.95817624798,1273.0792195500017,6158.5549448279235,11000.0,0.3521540748256813,1.0,458591567703.0846,191.3549235022154,4.110657654881974
154,23135.84520996744,494.0542099347218,13843.417308652091,11000.0,1.4419607684745843,1.0,477259079007.0875,242.52648723306675,19.65860461008699
155,13166.824406700984,2499.041476002198,22409.37951342646,11000.0,-0.28566348838064526,1.0,494034747175.7254,259.39812906766315,2.0256613982282756
156,17002.712503074406,1651.7282277211884,14228.820201421508,11000.0,1.8436120432737528,1.0,304765431461.1965,190.38235637650294,15.079663156464948
157,10330.765546884979,2570.4923213961456,19830.10737640834,11000.0,1.393065586763047,1.0,135267290238.21497,244.41166433074318,1.9489987261962778
158,19967.81369649191,1644.0944571991463,7595.0077529721075,11000.0,0.12552169671655733,1.0,99765419896.2328,234.15709197712988,13.981579403913686
159,20460.161228696343,2791.780534254477,14779.579565201018,11000.0,1.3411914996412242,1.0,298227033210.6706,217.7233717284168,7.632935596892501
160,21074.318314417003,1598.8534433534826,7104.337272689503,11000.0,0.5495401029550804,1.0,35750761772.678116,217.37749383615653,15.491786639696372
161,22608.578134765216,2615.2063123623852,24888.490544891636,11000.0,0.10454081108186886,1.0,61527827499.77701,177.55851609174937,19.58658910063775
162,23942.587626961034,2841.3640340911957,16060.040574664976,11000.0,-1.9777368777152353,1.0,153179384623.44196,238.75575863564057,15.820505945269435
163,18768.61503795786,1846.3173638925605,24059.32481317488,11000.0,-0.19273776806722998,1.0,200452408690.21576,211.6105622321183,12.724522270381808
164,10663.619410871144,1907.6414742354866,8141.49732090502,11000.0,-0.43014600463472474,1.0,307367890809.96704,251.00037556876805,8.393893859750179
165,16171.097838180825,1071.2644620813946,5960.082157216151,11000.0,-1.7331679066264654,1.0,169580967472.01706,194.7850822589472,9.158440243546487
166,29130.14471197759,714.9894639294243,12580.925500511648,11000.0,1.2934854051684113,1.0,336652074731.8979,247.36752564408937,5.2338294068543645
167,22196.680058027487,1297.2618212465136,6305.142357926718,11000.0,0.6095488096302302,1.0,383788294987.246,213.57405943521192,15.974956287544098
168,21116.237158118725,1093.638153676623,11088.266890575072,11000.0,1.171829781552999,1.0,61266449305.52785,186.42653626183426,1.5131284516269354
169,10835.028435050757,2570.001004069138,13231.200300466193,11000.0,0.3897061830002082,1.0,39802503358.79927,233.17638725316544,17.45691972182271
170,18765.921595738386,931.4809216003781,21704.457919751785,11000.0,-0.1984048561324787,1.0,321124453580.0627,252.2238861895775,6.452298348642405
171,13834.84400787437,2212.433234955598,18603.557284678194,11000.0,1.0847511605565345,1.0,482579448380.5024,208.1285322284967,4.90037206280378
172,21983.737767108774,1348.9137337620248,16269.301421150925,11000.0,-1.4050837547385493,1.0,53070746218.33659,185.07824875894246,6.712748784240866
173,24029.968174999944,644.9068805062423,15054.039937495078,11000.0,-0.13874424382880957,1.0,283308910294.66125,229.7819887629791,12.800434859198214
174,17699.840652572188,348.98008195885166,16656.602913153187,11000.0,0.4307992310943427,1.0,318901361162.15265,244.4051875211558,18.109851953557865
175,18289.93030615429,2674.0119022999434,17674.3478237423,11000.0,-0.9716776829873148,1.0,468565742572.03625,257.9698536530084,11.367704270661612
176,20151.216734868736,1750.422235740364,10107.618747483732,11000.0,-0.70800697143325,1.0,18642207275.33378,239.01227651837365,16.253611350657202
177,10960.112402790872,396.0241835767567,13196.359034524592,11000.0,-0.6272929494050987,1.0,431566216506.5691,245.4072566379918,8.500661374470658
178,14093.206638388303,1021.1281050726811,21232.608918736572,11000.0,-1.061597409071764,1.0,274566682526.51138,165.90853653775116,1.2085938149001956
179,29526.600172058563,1569.6356672838695,13129.673181836337,11000.0,-0.3539617352288418,1.0,208052823976.09683,218.50977729286456,15.046518822090603
180,28024.732692049747,2861.4847085239976,21706.640547373052,11000.0,0.9395564184906537,1.0,168491909276.37494,251.30232585809128,2.3961862441358406
181,26535.458752328595,1427.2680654508179,18735.541855491676,11000.0,0.005049886049802943,1.0,335462525361.1125,252.44154763262878,8.024983634835717
182,29152.980902169875,2344.95500462594,22676.90140938882,11000.0,0.4485486622948094,1.0,37620103020.51164,179.9614855428946,9.382930413874696
183,12174.036874961768,2536.3037048544634,16310.853420590547,11000.0,-0.6485933147009586,1.0,206665380740.8412,202.6109558176532,12.722689957709266
184,17900.098383037344,1339.8519303951878,18191.103616357184,11000.0,-1.399314851580654,1.0,329165688144.106,179.6311734883462,9.32989326720563
185,11516.524570176121,517.2186361113447,16921.72930881835,11000.0,-0.12498816187988337,1.0,139909217094.93277,218.06913722691905,17.519454743179043
186,24391.59331447738,1119.2329539358886,10256.142610159852,11000.0,0.9099324173485566,1.0,131387070101.45349,182.94504419495823,4.585158784697269
187,28614.2625835244,1297.8135103688478,22410.39221401826,11000.0,-0.9018576894492507,1.0,335411278661.3101,173.62532979089914,11.001014026876163
188,26678.96110606202,2993.0766295456933,8234.416448554797,11000.0,1.440853623234697,1.0,350067835273.10504,240.44665374447987,12.130514743422454
189,11430.173646542811,1752.408932712173,20709.34326551166,11000.0,0.7887773090856625,1.0,436933131334.4775,238.2122271791151,2.048100016597859
190,18215.927949534693,2555.2014905531787,6601.425870271627,11000.0,0.927390879821905,1.0,269791204668.14865,209.73707804404333,9.3582377459609
191,19348.645216171215,830.0055746717641,14232.104320521647,11000.0,1.5313333968736593,1.0,295668649060.9725,205.5552415019461,7.415191749663049
192,23163.223156334658,2725.1450147878168,11505.430970104655,11000.0,-0.07384237007810857,1.0,135733343365.47226,198.4782650703136,14.855481933311882
193,12334.892658383047,2015.9278562025493,9239.750735648786,11000.0,-1.001073183579134,1.0,375244852529.6194,200.2394483107156,7.109682825026967
194,12276.009987952528,1194.3037599887195,22284.713324758595,11000.0,-0.290863608711982,1.0,350445423341.4786,200.5348221427389,15.25158589103185
195,15193.024858046254,1574.769806644236,9238.205032042555,11000.0,0.7351407119205287,1.0,324132394641.47876,253.7253314705405,7.357378575038572
196,19396.235870900848,442.29096763304165,23565.43107521618,11000.0,0.12778396551797933,1.0,60174300650.82961,216.7288427948554,8.81582624071794
197,27934.856144099023,2994.1163031564656,5349.868634895467,11000.0,0.8157564670602415,1.0,133593630267.15724,230.80499599364396,4.7600849537905745
198,15657.360134077495,1105.3033367063958,13990.56737366856,11000.0,0.5645522100240172,1.0,282356244561.8812,186.4576640947549,16.800452034288263
199,20986.234886560287,1163.762740466695,18188.511635306015,11000.0,0.46324865212065314,1.0,281752827884.927,223.20600767747652,10.480078845871855
200,10490.548369182035,1334.0005922146938,23331.332965795005,11000.0,-1.8487078871243545,1.0,39200573948.9388,223.3366527872993,7.789089830324368
201,17613.3873293748,1288.044072605886,5211.185019058106,11000.0,1.2920419748981744,1.0,125214537799.5322,200.011856791208,15.114699434399997
202,11693.160703030027,2267.6801273839365,23371.277234082052,11000.0,-1.108581911623863,1.0,187106282543.68234,235.3977579950638,15.897604044012432
203,19226.347560386144,2167.906773461291,9029.663004246584,11000.0,-1.1463267066888836,1.0,25190103681.897945,187.89644334198877,1.608345793927773
204,10235.28687366122,1459.8857424844596,6499.990655723466,11000.0,0.6419792716779358,1.0,211927900143.30908,190.2064496746912,16.410316403683723
205,28905.176292462835,1163.0076931808364,7126.621289883712,11000.0,0.11831843993335855,1.0,94379105774.63852,259.849014550235,5.350611514115586
206,23613.055062326657,2910.5103485277277,23536.769642937892,11000.0,-0.2989507763927386,1.0,281108931329.4612,196.01738445544214,11.625977124721677
207,17670.817672773726,309.2085865784542,22780.319187600275,11000.0,-1.4357822539619973,1.0,41855801868.90239,193.89017978763098,14.156601347180862
208,18941.138921363003,1302.9781874846649,13928.115585017811,11000.0,-0.7768306423778699,1.0,408688389739.87225,163.41965728889653,0.586871815194097
209,25166.16249349824,1876.7154782710122,23599.20588003116,11000.0,0.8197633034827985,1.0,205112498519.83334,231.83467524931194,13.621320425398418
210,15379.894112665977,1789.3178968373043,6291.653886360702,11000.0,-1.4535626849392678,1.0,468060406673.0238,222.84060678504878,4.88535032826538
211,18788.270357495654,2364.843419836948,22371.247586338694,11000.0,-0.7959480664778069,1.0,33491328321.50991,237.76741436688582,6.695767786109198
212,24224.085108163275,925.2949886221008,11479.75562597017,11000.0,1.3744397788894984,1.0,393808540398.7331,172.86450102133338,14.839572699577731
213,11792.00171986423,1790.8495823078501,12840.427799179484,11000.0,-0.6036384001054902,1.0,436622215676.96985,231.35947804946068,10.206517594372176
214,19760.001199355458,2342.3094001167183,24412.681739750682,11000.0,-1.625483507440752,1.0,363125933135.2522,189.44213088869697,11.268257148734133
215,16116.19303642734,1272.3873796985317,7625.146592570742,11000.0,0.03567697277168769,1.0,256060359825.01465,188.7917622842706,7.172561987589386
216,14499.105807119666,1964.9082053002307,15099.96736882951,11000.0,0.22413357382030208,1.0,104575274517.66708,160.57441583138035,17.985024313308333
217,14123.40149018546,1426.7964606357084,11016.352936518035,11000.0,0.8867797925725243,1.0,86699514880.4414,203.39031885763617,4.361887788589618
218,17378.92089987793,2676.885665979352,10359.434984533593,11000.0,-0.3994192129714209,1.0,298085284764.8991,214.94451427666235,10.073806135213678
219,25330.871710394244,1267.930615130951,7407.9600994503,11000.0,-1.673941216780209,1.0,199094521686.36188,256.63989509434793,5.671539149404661
220,21762.84074541845,1179.7118368287743,20470.3350808552,11000.0,0.026918008097423396,1.0,33581723734.29459,230.42367993355018,8.772957933491046
221,18569.494409929335,2763.4251300372216,18713.468936838664,11000.0,-0.00838859683280635,1.0,254435746984.69775,228.06415506290858,5.55585035412565
222,29562.353013697695,1623.3501804090004,6293.336177070903,11000.0,-0.8319407678304596,1.0,149480053918.4767,226.78806091804915,2.221981475480254
223,13712.217811592483,1418.63705505124,20162.827862270977,11000.0,-0.8578163754273729,1.0,324194493745.99756,181.27206058980912,7.884048491980947
224,18138.48416888051,348.4419113868169,8919.724465965191,11000.0,1.683541445257264,1.0,110098308921.05254,240.88967562253026,9.700885124662195
225,23140.085871006464,873.9594442030625,17590.337504580595,11000.0,0.6482062504302601,1.0,325501391801.6981,231.38981755753542,6.200315773790578
226,15475.647499807077,2570.8413353795627,24177.259971146126,11000.0,1.6606992125699267,1.0,38522226200.147644,217.38880494159275,3.3426103470918087
227,21337.668634449496,767.3932344952955,13896.56760205791,11000.0,1.6675692757656755,1.0,65063007328.58028,170.34614673439577,10.394314605910491
228,21249.73222689338,1459.8874953321279,13491.327401748675,11000.0,-0.39628191590340567,1.0,303335409039.32764,188.0796502233885,12.694740523102578
229,13083.319905203436,1759.7291199674034,20469.97390395663,11000.0,0.5612200731734283,1.0,420460817201.7997,173.87529744699438,17.865409478855476
230,19922.68979489475,1826.0369112804044,21933.593696580378,11000.0,-0.6834133432164782,1.0,397586965171.4803,248.75182872961705,6.919559201456866
231,29469.802592199827,2589.8454857296606,7604.830770290753,11000.0,1.462528077015091,1.0,114938814451.02498,163.55366445985928,16.857315368830513
232,20157.113126766868,1975.8421051381565,5425.513261870949,11000.0,-1.6825340903637316,1.0,41550570820.21994,237.80998487403264,1.1716308951164072
233,11379.318659211775,1944.6967796305523,10176.496713603,11000.0,1.3348100290126754,1.0,60480990801.594604,167.67305756753777,2.1401857926627637
234,26617.89642283464,1183.6413745276677,24563.77387110468,11000.0,-0.9774230450005041,1.0,419533235395.8013,239.8145578832887,16.002310445822836
235,21327.1916607542,366.9074096409875,9864.278155404805,11000.0,-1.1869152746504263,1.0,115494163693.81293,257.2401414907851,11.184546168495842
236,26017.165698884673,947.6493450792415,21303.555409302135,11000.0,0.4296867793397845,1.0,472372358977.59265,256.94964230210996,15.347586537943396
237,15876.480013654495,1623.097012911469,5625.422071577384,11000.0,1.5097985232033273,1.0,361997241394.6641,184.22124681629512,5.17530374826995
238,24987.75339530716,2075.0688959071017,8289.101195171856,11000.0,-1.8305573805387585,1.0,442192059724.8671,239.01986613127661,1.3063105242974893
239,20192.329291781636,782.3572820257499,9081.901817661244,11000.0,0.2783560397752316,1.0,15320410302.920486,162.0309445049476,16.87012349374481
240,10299.174526939265,2413.7376791973384,18690.61455659892,11000.0,1.1441094672965249,1.0,319183368594.67426,242.54159955043298,18.092838829069624
241,11310.165212268681,2841.309103384839,15583.8722744711,11000.0,0.5981664401290789,1.0,365090787377.03174,217.35026341977283,12.969080984332201
242,23149.17290794117,1246.506506943138,12253.118163863099,11000.0,1.5698372129016787,1.0,170018024057.88947,166.8788952242543,9.091900534182388
243,11328.539710812769,1399.695882687138,24601.601354994735,11000.0,1.0964671300873343,1.0,273469911772.1627,212.54555600848678,8.911664361541073
244,13737.136765664567,1932.0227954063243,17887.14393171057,11000.0,-0.01765425383309349,1.0,294591314219.14056,190.76050554425325,11.113773845633864
245,21040.250022721993,1917.834712165723,9443.42428134835,11000.0,1.4691677819582893,1.0,451803954755.11,166.76943874397335,10.21679353486141
246,26523.00248971249,2324.925121374138,7591.485917589229,11000.0,1.6091781861184478,1.0,165032970097.48706,211.4937388869333,8.866630939074504
247,13387.152985466493,768.0515351186771,14495.233304973797,11000.0,0.034129051071242866,1.0,468094931464.54443,215.76309494176036,12.799271344961177
248,24197.811842484607,986.554152921576,14107.466308100882,11000.0,-1.6748810400369143,1.0,410050248439.19336,163.5267748152642,9.316325965057258
249,28391.112694506086,1087.0876747657626,12740.792387238047,11000.0,0.1395513286112826,1.0,84421472385.30354,211.08515184605284,9.681010447256071
250,12736.917078271426,2788.283604590693,22098.775245421228,11000.0,0.8510697214846208,1.0,241433437492.9532,174.91729138190857,1.254851036546025
251,23686.48554837842,2177.2710375142897,15211.90000812705,11000.0,-1.8279322102705637,1.0,412401171270.2531,178.03194795343086,2.191161319802673
252,22416.441149859085,2365.377924676284,22659.007227422164,11000.0,-0.007995678368470927,1.0,155556851675.13315,168.83271324646054,6.731509020002049
253,18328.074810345803,612.0608176004168,11172.516915623139,11000.0,1.0927617722982457,1.0,154008731012.40176,192.12000062198527,9.40431446136998
254,29894.959608057205,2499.324697568936,10845.3030113545,11000.0,-0.5602648020617065,1.0,263815271983.36343,218.27716496283472,14.623250752234995
255,25444.66104454867,1861.3070391971867,18327.311801907883,11000.0,0.8246287891174191,1.0,68120918242.50432,190.1442122497739,16.723269579375547
256,19715.623478198748,1694.3202386653036,8267.163707068912,11000.0,-0.6791865281735809,1.0,497688255861.49854,248.04991664474966,10.324722556869682
257,17492.916520940595,1183.9284464765174,14779.38587510615,11000.0,-1.0792266862845632,1.0,156871379825.79556,181.89594856005436,6.64991731840345
258,16426.835757379697,2121.3235940898976,18016.478596917674,11000.0,1.3232518686295802,1.0,116139387312.41866,254.86760938700505,11.902082321125182
259,12393.780365077071,1525.9477050941575,12147.483081956481,11000.0,0.6888644198125062,1.0,406181266498.32684,180.39267828947132,11.040671393012246
260,13244.798487287717,464.52822048442044,14820.748676912192,11000.0,1.622564846858047,1.0,44561396974.39509,189.3958835085352,10.079817190767596
261,15190.583284288357,937.3754566765967,20061.507116565957,11000.0,-0.4639932031748111,1.0,425895604314.25244,199.71673945486074,3.5074551379522854
262,18598.586414566606,375.683867809579,12566.352336054813,11000.0,0.09231251448457378,1.0,196140081919.23944,242.30549279899225,1.4879584685258678
263,29722.028418128062,2334.3514389081583,22629.829383088592,11000.0,0.06170395442207566,1.0,255142486325.14542,162.86553067535402,8.169193284655885
264,15439.89734433221,1944.4446396599012,9189.349301091614,11000.0,-0.6359579794579449,1.0,167273392663.09396,218.41440262300935,7.6266662376125005
265,16443.19535622878,2051.2300839783584,10534.37433755594,11000.0,-0.36166426162641585,1.0,401208033619.27625,172.87821418636392,15.385675352198971
266,14307.10982247681,2628.6374940613255,24671.54578133906,11000.0,1.5378585510571852,1.0,423638789187.1983,226.28867278767132,2.7693226381019747
267,17491.27887159154,821.9151096311434,12726.30959532917,11000.0,-1.1943010193842611,1.0,292546878548.6496,200.3068317125291,12.238101988176695
268,20803.77685936873,2856.114219017391,20781.2954767474,11000.0,-0.840038500922728,1.0,232596466751.17242,257.51312433393184,6.4076467591798565
269,21523.286108719367,2218.9531193711287,22460.530897451205,11000.0,-1.9880986876885065,1.0,41550521719.86467,235.84163927083287,17.792223278129846
270,21480.915534421445,432.01624011857655,11555.103806877483,11000.0,1.1899794233874816,1.0,47342408902.72516,175.51789095407705,4.646012247007527
271,24317.52536900088,499.80187366804967,17059.56598406934,11000.0,0.7824499146124997,1.0,343522108350.92194,161.80877503036123,17.22877186564969
272,26855.196338126065,865.4403339718809,17935.40152868066,11000.0,-1.8951834203609832,1.0,443432944360.671,245.64051430149422,9.153609241091363
273,10910.562980789464,2243.013149179209,17848.033438113755,11000.0,-1.0183080178728492,1.0,193630744070.3151,209.2025865167392,2.350366953872748
274,24286.455273090905,505.6565328452748,24894.00676583435,11000.0,-0.4032793675939783,1.0,13902082660.00462,162.55822033377325,12.294727831678369
275,11340.788011720066,2265.1282861759373,12108.603437163183,11000.0,0.7503471811762052,1.0,413618430789.26105,175.44193204566213,19.932420026191124
276,24198.646714055307,943.3984131327879,13149.072620548595,11000.0,-1.1994529965465666,1.0,188926882312.94354,237.2342994850403,15.277101754128777
277,17830.281497382497,1951.7582206899915,13512.507294153334,11000.0,-0.6633112618077885,1.0,373437025838.0971,239.26294614645306,5.3915845857142894
278,15744.94297783224,2208.3254893513786,19675.387595727792,11000.0,0.06521757459197763,1.0,382956482099.3217,206.87122462014605,8.00501816035089
279,22896.371228504933,1099.910672474496,8950.652391911995,11000.0,-0.1644968270459386,1.0,44128365982.782074,241.82941398401866,11.385875329464042
280,24139.936394632117,559.848489978908,8133.550419865876,11000.0,0.5045127095776221,1.0,230270256219.31393,209.0164243391559,15.503471125487646
281,29896.248835023034,1531.4265201500018,6300.707473014145,11000.0,1.3296268348288995,1.0,246802748290.18985,167.16077730129868,9.389490802140436
282,18653.255397156485,2912.960437945174,19080.259598032128,11000.0,-1.838971837625098,1.0,139666496606.20135,202.3818026368294,16.944732851201692
283,17419.368269023456,2655.334649587069,5268.028620803549,11000.0,1.0904584964020727,1.0,373897752306.1019,204.14111155397944,16.77569747912073
284,27791.030544762823,2651.553158047567,11808.968693108853,11000.0,1.1169298500742686,1.0,39438586934.99341,185.2232442499696,18.26892991417097
285,11410.708205715884,1003.2152459264546,15239.982739806102,11000.0,0.024003797932930837,1.0,399637670410.44586,204.89913813520445,3.8466977874643433
286,27109.57761639439,2455.6295396666287,21290.249811149326,11000.0,-0.13948214059043007,1.0,340461838573.707,233.22180471999206,12.903964916451406
287,22510.848497893283,2377.823445954464,14643.906660280696,11000.0,-0.12720279458550943,1.0,249410625307.83148,256.2403231491561,1.4495598244080943
288,10268.035668421038,991.6067010417,13310.887152000496,11000.0,-0.3820814593655597,1.0,378989377450.8073,185.96405098224315,11.2308208589666
289,28803.915115985223,1294.4382996374666,15501.687884412873,11000.0,1.327388581982023,1.0,133643704355.05035,223.3320549776021,14.153870547744487
290,18175.588249023636,2685.1174896518028,23695.00348718236,11000.0,0.4509952149786911,1.0,67185690634.93068,228.98663695627835,18.70409909728782
291,17936.18759747604,358.2052114340976,7806.12746812803,11000.0,-1.7510586473033531,1.0,181424856640.65958,241.9712034109908,1.1187826429899386
292,22795.933384701115,1941.1015846423225,8550.363161143852,11000.0,0.5523037602927166,1.0,488896860203.6525,231.4993332146732,18.861855759002353
293,20709.59981492738,2728.582415894291,7415.4159372135855,11000.0,-0.28125570381504694,1.0,490507734077.88617,211.2918041045716,19.207914199265932
294,22733.313582869585,2261.5277131001176,12381.075885148563,11000.0,0.9399643910900854,1.0,257559016609.32547,196.59156183394708,15.562095935189243
295,29888.772962605213,1383.4714485859993,24851.467451421802,11000.0,-0.13435563116171823,1.0,416526434326.91473,236.93157993128116,4.626932320749783
296,22308.084059033863,2048.5741534236495,12350.464247004833,11000.0,-0.8338419169163913,1.0,315194491716.15643,259.56194116813606,1.3862510116994577
297,16077.813198905216,1345.98682626458,14847.925885143097,11000.0,1.3915199350234282,1.0,125361073006.92307,247.44535522824094,18.535560637103067
298,22610.430537038155,723.2930498404291,22801.472165805135,11000.0,1.2720282117002046,1.0,115050147553.25859,179.9151713053343,15.074239455664735
299,12840.487165426635,1398.9956037035918,13400.242140946484,11000.0,-1.3728867844750279,1.0,433021455798.81683,231.31828609123977,12.500568522277955
300,27181.396433925533,560.8956609619017,11641.9691783356,11000.0,1.8528333862894386,1.0,342487759096.12897,240.8563215966031,9.395322688343034
301,24046.911275803002,378.96962233442764,22226.329468063894,11000.0,1.1162269899014823,1.0,288320350154.9372,243.71022709674025,4.156588523078048
302,10248.069632426234,414.38819751415394,19346.161407818465,11000.0,1.1832307455838014,1.0,154250820755.36847,160.00136089783672,17.48332483192733
303,27842.379642964013,2252.3152453526013,19779.93350793367,11000.0,-0.5313597427836738,1.0,29235867490.128998,221.0554745027566,16.46956569780955
304,10550.72737331929,513.7862882107763,20115.120191213136,11000.0,1.2591504330993053,1.0,17906946964.11022,178.98779816155005,14.159197787717394
305,14786.051035720884,1353.960070587345,10012.116290809718,11000.0,1.3588112312170888,1.0,25781490679.581573,215.19153899019378,13.57079201410334
306,19018.9887081483,1545.5287425722818,20576.096825630437,11000.0,-1.0980444048007572,1.0,111571048744.64624,252.63859943016604,6.199960618623278
307,18287.611191866257,1226.574594223875,22304.207699895574,11000.0,0.8108862723825108,1.0,404031251851.90375,204.08291726324467,6.435922147853558
308,25543.098666202546,2986.4344596877704,15488.824054064942,11000.0,1.4048023092619144,1.0,218379935238.09927,191.16985633150628,14.783010904309144
309,19644.925542022465,2893.889165959557,5128.069113156675,11000.0,-0.9015024314806412,1.0,79358028812.10306,241.67725623420841,16.47866848365856
310,10458.461798788501,516.8875517047102,20294.851856334302,11000.0,-0.8975658789533805,1.0,153637879669.26974,172.2629312831139,18.70989041862214
311,19846.464304782363,2930.620713379646,8330.06799753514,11000.0,-0.7833621976175618,1.0,342652824337.62115,202.85535024068835,2.763470253975169
312,22773.21742478105,1516.4291237514362,22055.50919854948,11000.0,0.7628974878596342,1.0,450639485148.7469,223.78343833228297,3.38342536526787
313,28973.594116824966,2839.146754778488,9811.189206185816,11000.0,-0.319183735486833,1.0,369752879316.24695,217.45295117754353,6.539736997161106
314,28628.55394022366,2010.0090867392578,9977.885782968808,11000.0,-1.915610651650045,1.0,463156739878.9856,193.3496487749008,12.838239751611393
315,25722.69437039575,701.0878654025221,10450.651857645345,11000.0,-0.7813380732088695,1.0,221308623454.1921,240.96946332259523,15.867571721225401
316,28766.638897563647,305.22864671910907,18890.995232467016,11000.0,0.34776747471914193,1.0,294858895650.5116,208.15194093665303,18.88025223570932
317,14659.43217144608,929.2601045251523,12391.02277825455,11000.0,1.655958216716622,1.0,209905933324.8147,205.71421057140248,5.3673520416686635
318,21631.443093097245,924.6902712087339,11086.727094259495,11000.0,1.13156812307576,1.0,431212555755.8575,242.1126513639059,7.523551704004294
319,12578.999476578894,2778.4792177692398,7517.17954953463,11000.0,0.5148675819573936,1.0,496844324116.9441,197.05024739799907,11.04592910016329
320,19380.471681187028,702.3416370975845,6353.301130291879,11000.0,0.16460385281549472,1.0,119224244986.42226,189.737362886298,5.937481314900934
321,27099.64680434971,1827.0206270791448,12514.420003130666,11000.0,-0.06952143046523274,1.0,482971415486.37054,230.58531305876977,13.098463802748988
322,12892.366769591456,2018.9586887914431,18123.890594938966,11000.0,1.993572811769904,1.0,388442235858.1461,215.8039191444671,8.810209700589718
323,29211.085372448626,658.5050868184242,21039.306631170926,11000.0,-1.914954151790735,1.0,384191853990.24976,164.89384305730354,8.677446428886977
324,26118.920235245827,2127.7624243421938,5375.343973295712,11000.0,-1.690726679804102,1.0,433656682098.388,220.63366820150918,5.255110733526604
325,27955.30208561227,389.22542711221456,13608.562515452993,11000.0,0.01345693851411811,1.0,60252337133.20188,209.73473863490236,9.563475227443183
326,19039.637527561797,2131.739260603289,21279.11876305397,11000.0,-0.7918810393349389,1.0,144384803385.5015,203.75507639269028,1.9724212935273373
327,22951.393798580524,2791.431298789655,14053.064428001704,11000.0,-1.0038073329466801,1.0,471767975362.0732,164.06585463601255,1.1325594797457093
328,15085.624084027386,2327.6119037609787,22649.004396360844,11000.0,-0.37875457613989205,1.0,483992365844.67523,204.24917996228533,11.921780362089171
329,11260.278056659758,2526.773578920424,20098.94993911648,11000.0,0.6563211219192371,1.0,51248488811.40318,227.16945956825583,4.561167755482715
330,11634.713208338648,665.9945344245247,11961.855994080348,11000.0,-0.5695970809635158,1.0,94624992696.41203,179.6307786705171,6.120677665812082
331,15927.646728765181,2842.1122968150767,12675.110509492126,11000.0,0.2774953358737524,1.0,440744932464.7278,190.68068691186346,15.464149605733677
332,26016.65629900954,2176.283905371248,22221.79332896133,11000.0,-1.559481901825726,1.0,154591420111.811,170.42086247319818,11.258559846829993
333,27493.483092384704,1781.441000395932,23398.581301308135,11000.0,-1.1688416422043466,1.0,376644957661.67993,196.31661152090496,4.589052085849819
334,23990.484188962102,366.0228452547333,13212.942856186917,11000.0,1.2535928195232264,1.0,302645920878.44824,210.4466231547452,1.0888431259216222
335,24549.25329620621,741.7226242213978,24384.630696730626,11000.0,1.41398139874283,1.0,273039731775.98392,215.57148121405766,17.532058630814397
336,12427.7423317461,2582.8885794536254,15508.382268854974,11000.0,-1.8180948057126534,1.0,344967508321.98773,171.68458757546478,16.73208352549462
337,26319.75582578232,584.6724798154164,11763.034712795212,11000.0,-0.9028429310341437,1.0,480609478057.6225,221.89299459450467,1.337523577122631
338,19421.423287315483,2474.731801542101,11791.820977388586,11000.0,1.1647757175481992,1.0,200769778234.2497,230.08497909938734,15.943279044212916
339,26979.0252138316,675.2740067203832,13230.197420069799,11000.0,0.0383241527011986,1.0,450939539408.90704,240.1213419243581,9.60351125545475
340,26932.727613643867,1957.6558164064595,17198.21072359125,11000.0,0.49654398018938783,1.0,184508387535.1267,244.95288841807985,16.510274751384674
341,13715.96699029515,2108.671856529283,15608.84560137999,11000.0,-0.06096590402605262,1.0,477404274404.9647,237.34856541344857,7.33162145572395
342,16281.02054206396,527.5335948500392,10502.335553873003,11000.0,-1.7903896946334297,1.0,105518784807.54361,212.43608972063333,5.640072772528443
343,22360.99944119851,2818.211262121657,11188.627310301912,11000.0,1.3686980406063638,1.0,409476351346.1901,174.90213869644185,10.33883038084102
344,14838.254590137072,1849.248432179799,11044.623923095642,11000.0,0.29662037229821214,1.0,56241478985.909546,190.35686143512186,4.977092149074986
345,10483.558575874447,1662.777546177142,9326.611311836405,11000.0,1.1076889074832952,1.0,90745537155.24445,235.07718672733165,13.269380286703194
346,16592.188544005076,2179.8070227300923,24124.378083459233,11000.0,-0.6200078635591151,1.0,16386388990.131725,195.03492301504,13.985519341159153
347,20258.700733210193,485.4218817213998,22124.229381185178,11000.0,-1.2362198152306618,1.0,292653233172.54346,180.98371366547502,4.979211989253308
348,18941.685784036024,515.6836723597132,18455.15225725456,11000.0,-0.14499526554449016,1.0,292226079389.0085,176.14927639214218,3.385129704262047
349,14193.764191178674,2413.1759590113124,6469.023626063031,11000.0,-1.8900903642267544,1.0,258534470251.17722,197.05673126150575,16.564908502642048
350,25364.7170337765,2345.071617211761,19047.054989448734,11000.0,-1.5731056665481837,1.0,486054190834.42523,196.94575573661916,15.88139738606364
351,20914.227395784186,2706.921812067782,9010.358104720828,11000.0,1.1044937777804598,1.0,416021328138.1067,235.84443692675896,5.692921907499204
352,25032.728812033063,1219.4633535795983,5636.023093087959,11000.0,-0.8140734410898047,1.0,170657935639.5069,194.06975671524714,9.477038980523776
353,14932.437086135458,659.1088871673844,12197.02310353341,11000.0,1.7791810914010866,1.0,131216051252.75925,220.0405813424376,3.5166947273622977
354,26340.946436892365,1249.9143280652297,19932.893101086258,11000.0,0.34740300220830767,1.0,98925613638.38547,177.50516616514213,7.989643291717379
355,25315.89443932257,1531.2921270217662,14166.07091566006,11000.0,-0.8884296392634421,1.0,168198290606.6958,203.14114815086344,7.761627799014277
356,19483.73672200984,787.1049920547252,21856.694486213455,11000.0,-0.684450701170352,1.0,268822935622.02838,198.00816176218154,17.409456567693454
357,12796.106753073807,905.0877492779127,14855.59268253271,11000.0,-1.5427567525046801,1.0,119981991943.2572,239.16054349560298,15.168575820782811
358,20851.576486269172,2213.1421077348923,21313.871749528458,11000.0,0.6110062040163022,1.0,248178112597.7277,208.05383410661858,15.485792947185608
359,11566.265132185617,1292.602419567467,22148.66401377655,11000.0,-1.3840049525019924,1.0,254484463042.3531,232.47026242854898,5.643092924639894
360,19455.504954668322,2729.2766934527453,17524.93237320261,11000.0,-0.5833622724343965,1.0,192633307918.62097,181.43325808552447,4.299090308367553
361,18974.982789074395,1826.1264190115212,12045.692547755665,11000.0,0.2216049927260033,1.0,249635347177.62598,230.72662573454494,10.962670452442897
362,17689.565609953854,2034.2747356145858,13967.787903414985,11000.0,0.32643912270914965,1.0,138881189246.9053,244.0096602428411,14.105407988533313
363,10336.779667463486,2079.047354658056,16553.720024624847,11000.0,-0.8213320304477807,1.0,364207275806.0883,217.91183266504407,14.61774672623743
364,13693.438106704134,370.7179543700983,19389.9851082649,11000.0,-1.5095172906859333,1.0,273672732299.1317,161.85029776400282,16.11245975198698
365,14742.700169203952,1409.8991198581518,18750.013315812208,11000.0,0.9045655667526251,1.0,72806245286.24078,226.91021050531555,10.290712337279261
366,29288.922348325326,763.9651081465206,15086.23207837779,11000.0,-0.12303728023504101,1.0,476197376132.75757,254.71257247312252,4.895187678930368
367,13182.047234675345,2562.418403475709,8877.218916606229,11000.0,0.03279066816974874,1.0,407388336511.05115,184.92018627129264,16.384038653620774
368,29251.070342849387,331.33048485074477,15673.2678294074,11000.0,1.3092220004391506,1.0,454469802538.0966,238.12276084295667,10.915093303356919
369,27038.096050616772,2387.4374830980137,20822.29908974145,11000.0,1.6516240212341993,1.0,108364528530.88837,179.44910595213665,3.0687547555512156
370,28251.54150551613,1763.6672697668698,9116.55887496725,11000.0,0.5394401989844129,1.0,229429838750.8805,247.4495516949034,5.03542518629092
371,24762.489331052187,1103.010140207843,24396.45861840613,11000.0,-1.9339311008363227,1.0,277105560636.1643,225.76997173774146,9.89682172551832
372,18516.69153071176,785.2916156719684,12615.613690747996,11000.0,0.26850403218324503,1.0,141279565497.4549,186.91043473147394,11.538501750678437
373,13971.9894787019,577.2794004951404,10694.137182876319,11000.0,-1.5616750377636412,1.0,129402169610.00069,191.82893959172293,17.974253274525406
374,14095.324897052771,2967.046424861337,20122.152780440032,11000.0,-1.45062510126558,1.0,335240140616.2297,259.40208764410994,11.263148060241635
375,17802.674744966804,2469.4720536515274,12382.717850595032,11000.0,-1.7989150966146665,1.0,429830644468.82117,176.10501088838552,4.526635278891632
376,19726.865693526634,977.6959772984435,13534.567130339292,11000.0,1.4052790456381516,1.0,106773859543.70383,234.01933658027718,11.23158532768814
377,14823.253738821037,826.0655704045798,22403.06099309352,11000.0,-1.6910191153482272,1.0,216530471611.90036,167.04122260619008,1.0020718805438893
378,16387.998021707586,1731.6988873121256,18222.589106110216,11000.0,0.3044246577683345,1.0,449834354014.2313,249.58906873109999,3.5500180127242498
379,22272.826514899214,2049.768445621613,15967.547717084113,11000.0,0.6052682877276836,1.0,165701300482.5635,166.27535838089122,9.856396064589045
380,28216.961338279107,662.29472773055,10866.77928426703,11000.0,1.7176470218913251,1.0,286014710590.60376,200.2980345290996,15.30802412636597
381,26265.06404702682,414.292508793105,13415.461372808888,11000.0,0.8807719906027383,1.0,234553148555.11865,252.59479833207894,11.226597915674585
382,24300.307343733162,2261.183610644299,11886.455400081213,11000.0,-0.09603732919023633,1.0,55515782832.183846,180.62910328639472,19.7074159906119
383,28084.11152210059,1086.07700369216,12738.450047661649,11000.0,1.1539993072344963,1.0,137441225797.48343,216.06996100553107,8.644958690959374
384,18627.210869143113,2635.8756850796485,19188.056467914274,11000.0,1.95523132430964,1.0,266546977150.59717,164.54037221531382,11.148247637906268
385,18693.827039563268,2397.226938681453,18236.131880888926,11000.0,-1.2641003726420426,1.0,405816026669.8216,210.41728411459357,16.406192979111854
386,16193.479091299272,1636.6345061228014,19795.679134474933,11000.0,-0.8128557800166263,1.0,499299809331.31195,237.55818190024252,7.701330755210712
387,20871.739740697856,1626.5588725521789,16845.59054793397,11000.0,1.761295123611006,1.0,262659470592.6424,194.706863807751,1.2055783948236887
388,28425.75264161895,1218.2734782790496,8204.746298999762,11000.0,-1.6962287827859117,1.0,20320800944.368355,225.91718377235662,0.640750841511454
389,18442.444560993456,1544.609875547427,16684.277495264105,11000.0,-0.35856880200922303,1.0,218588635700.50873,191.9436497476579,7.5624597815205785
390,17790.190671902008,2719.1166054899595,6554.7562548426795,11000.0,-0.3181737313180264,1.0,490678083326.2261,252.82271498862582,12.824943340942074
391,25156.7298324897,2593.0392731521156,8625.709642784032,11000.0,0.4872751801698838,1.0,84734748864.44153,203.47466004029485,15.38782044897754
392,10829.821277881812,857.4676000231241,16882.39396071202,11000.0,-0.1376534742319988,1.0,206871983484.79807,227.89376318313776,10.614115301728784
393,11637.795114278058,933.2747561517187,5541.978824987264,11000.0,1.9933060357472203,1.0,339507497928.3444,165.87578348644448,6.0953526364558
394,16429.84779245136,2990.3866648998624,21275.931445260816,11000.0,-0.46040143087980034,1.0,269530939382.89963,226.54433683768036,18.347535898714384
395,21893.48601388751,2711.8161040495083,20816.61092787585,11000.0,0.910533244342322,1.0,390542084783.3024,198.4698876115907,16.215160027697866
396,24655.95731492606,2707.2198292973962,15105.194079736051,11000.0,-1.7112726682136001,1.0,164991526481.83313,246.11900272781327,6.973048255254819
397,21710.86670461943,2551.2196696732312,6561.192092329029,11000.0,1.1820107393624606,1.0,335019535026.85547,164.6837699623152,2.277977155256326
398,20142.468343559915,2915.661095405942,5738.648653906071,11000.0,1.781603090212256,1.0,111361894320.11717,182.6873835749272,10.078265082584753
399,24950.559217151138,1183.8303885853084,11779.540646225567,11000.0,1.9546681126984389,1.0,197507186251.5183,186.35338545104239,8.868626330111226
400,18607.021939361297,2783.6740766756457,5146.177705188884,11000.0,-0.06478943244364199,1.0,334679638226.5642,163.2902778874095,13.888381053656675
401,16775.897504178334,2117.9927230323415,23287.14358393456,11000.0,0.21113547558245882,1.0,447424180737.0822,227.96072616878646,17.67287188551392
402,11201.00272711304,1480.7227384723471,24194.38667354231,11000.0,1.0962503583053969,1.0,240689405472.77658,161.02245432176002,9.689340708865508
403,12347.538548679724,1663.6744866876436,21064.385903908464,11000.0,0.30308231122652707,1.0,176476430604.10266,241.50364281065333,7.462572740122527
404,17792.118349764736,1811.2294541977144,16090.55654258272,11000.0,0.8159814267447918,1.0,78952361105.96725,245.13454651399604,8.662498249709786
405,11672.434428236156,1232.9900592714487,24183.975322772632,11000.0,-1.491554526700042,1.0,329236928740.3888,240.58406602131845,5.500247645905564
406,22707.8039766979,1794.3531919937652,21549.677439946456,11000.0,0.0884865906229857,1.0,143019029092.7605,200.61471875319012,0.8704692018431175
407,17748.528538897313,2387.3515857784178,14256.796771061094,11000.0,0.7905769987761078,1.0,295682100843.62085,172.90863554426056,15.502606042587649
408,22052.970697982902,1544.3705345132096,22194.490318964967,11000.0,1.227233759171312,1.0,285449716062.13556,189.26121798573286,10.762211852447304
409,17985.6544985839,2117.9028051212013,15090.727223415268,11000.0,-0.8283060422269863,1.0,150804961064.3596,208.61625378136134,6.085169609166147
410,11408.130687057233,1220.9831129361119,17118.51842089474,11000.0,-1.5746354128903177,1.0,256483310373.67157,170.4981855580984,10.172248234421684
411,24542.009625241153,1805.5895664947745,16245.81352438417,11000.0,-0.30868854325309236,1.0,493252616837.89246,214.27715568256374,2.6972317975212543
412,15767.76669876271,2654.5680369126067,14423.775609321328,11000.0,-1.5366814532654187,1.0,179463855636.18292,234.58574691753287,12.162052720609635
413,16550.871589032093,2760.7889770105858,21984.797613734037,11000.0,0.04853499053144983,1.0,450665209493.2889,247.0376077786118,13.124553502350928
414,21434.958097659175,1167.2236948009152,19713.481117078045,11000.0,0.5097272350842617,1.0,427805606687.28644,237.50276222337936,15.96979026546297
415,26348.744681524164,978.4575798833887,17849.142967757718,11000.0,-1.4474202342247495,1.0,481730080332.07605,182.33744198918254,12.253896400297004
416,22000.01034642321,1003.2152070369552,21049.67532879612,11000.0,-0.0947846513940207,1.0,131287849449.43425,258.0494497591204,10.973829856026708
417,25361.428165520883,891.595774911842,19340.352693224337,11000.0,-0.7802150249434789,1.0,382107854092.4085,232.58506488546902,14.934487763106743
418,24511.531338762863,2487.7693787556436,5398.773838848285,11000.0,-1.0070078534575702,1.0,49755044304.50008,235.46543594600377,17.166230511003253
419,26284.190038539607,2414.989904078668,15802.003949637681,11000.0,-1.853461104156446,1.0,53436162270.87211,232.29515421746527,6.686343674291656
420,18296.537521444694,2295.1707139307027,11165.613234750832,11000.0,0.002069726581867659,1.0,81388385026.59692,236.49900032379583,15.603551012069687
421,17311.01635508456,1003.9071568153859,5181.31487784508,11000.0,-0.1074474656284421,1.0,155970471878.6363,207.48076028927318,5.48610439283125
422,13010.74177018724,809.9276954739123,24772.18159504189,11000.0,-1.0199267060515522,1.0,408368553288.2206,251.3199416910236,11.466677534961267
423,27527.869320761452,2071.144440809819,15181.283710340655,11000.0,0.17035478155170392,1.0,67257930768.42773,237.8813287451773,8.669661136866196
424,29421.555889379888,606.1030359923926,24453.63320256424,11000.0,-1.680301108666412,1.0,157882315971.41733,190.55594442409338,4.284622015762007
425,23994.658365035117,1895.617078146977,19981.58332431258,11000.0,0.1568546840766225,1.0,94703874376.52429,198.81431143326512,8.200325242688216
426,20448.37260544396,540.9782854614953,12279.768787068562,11000.0,0.5061142819526361,1.0,218316296010.5846,201.92307570275318,13.542304859867793
427,13473.917726558404,1884.7802585213299,6185.366092005955,11000.0,0.7449605133252395,1.0,265728789644.26047,212.1181749713383,4.374102144707411
428,22571.167529692382,2426.2740577203404,11420.523192437555,11000.0,1.2430354503159444,1.0,480384976284.552,178.3030515032779,19.81468324686909
429,19846.662816276326,1708.728069102034,8276.636333181248,11000.0,0.47343143436073687,1.0,236393999302.02304,247.5760934746432,3.5930045100709385
430,18440.363699839334,1146.9833655136686,9572.262188233628,11000.0,-0.09860127998894974,1.0,238611196903.86627,239.66593457185127,13.61035784909823
431,28044.469456249684,460.25406707957245,12880.940097502049,11000.0,1.4600733801304697,1.0,73713577263.46182,222.7269227035016,15.715231124003514
432,28293.37047904592,419.41146217426746,23979.8664611126,11000.0,-1.9611306185588937,1.0,419427230535.766,167.80368334911265,11.915124383971252
433,29051.56101572681,1977.977318290995,6315.2231659301015,11000.0,-1.841966942246136,1.0,147878670617.81345,246.16353578537212,6.176954116896615
434,13704.923843270102,617.3291456815514,7177.219359721532,11000.0,-1.0339035076209777,1.0,307799069976.0064,193.00456386296977,15.772942115149919
435,12030.733255793068,2711.210852877222,21086.785495345306,11000.0,1.8953278556314284,1.0,315061748343.54504,238.0779617158836,14.558189505982837
436,20238.623927843946,419.68140612640366,20210.956410782885,11000.0,-1.5567186200085756,1.0,308358961403.2803,202.33979996281474,5.830345230825716
437,21290.10162153266,2066.4693925250613,15270.397883550235,11000.0,-0.031694596944759734,1.0,469672852304.6437,228.50505727794553,12.418830212735795
438,24173.516746287758,2676.075188272568,14632.402803070292,11000.0,0.4301390336173898,1.0,231493403320.7369,199.16040364913235,9.04824315548652
439,20057.281425447043,1883.425032370098,18712.32951475957,11000.0,-0.8601741528513025,1.0,131787691760.84598,174.66467950152065,3.100161521525275
440,22533.59281034679,2570.2092867966726,17794.802626893717,11000.0,-0.971810116151266,1.0,197198990277.17664,192.50910361218112,2.1407536793849014
441,11373.701317678819,2327.670097304185,21432.584157282956,11000.0,1.1688892842986722,1.0,255259212673.2324,211.78174828721274,17.629368786643916
442,25898.130751945493,2357.303668860212,18773.768990663884,11000.0,-0.6226696152671627,1.0,218457617161.66843,204.5282394972274,8.38068765926569
443,24230.037698232907,1901.365273930564,17730.860171579905,11000.0,-1.7303718192655806,1.0,273605912311.91205,184.74733263967428,16.007338251343526
444,16276.602856572033,2257.628649203323,15311.426319086851,11000.0,-1.012077195489895,1.0,179500193378.6855,232.67636989124728,18.59656124207105
445,23987.194322701787,1909.140800464109,19970.55136512241,11000.0,-0.6245127158772643,1.0,279890045008.15173,233.98933070197506,14.143802693326725
446,27322.860666749122,2267.8214703528283,11861.971494313562,11000.0,1.6369933358789113,1.0,118343535901.56145,212.80674909370796,6.351120399995362
447,15496.107569563677,733.1107505301836,5093.584737099343,11000.0,0.3702198554606495,1.0,363114852215.3793,170.2943846345381,7.3927422495348445
448,25757.836694367375,2043.6962323673804,13596.52369574704,11000.0,-0.3082648765579896,1.0,194341427147.42752,184.4032460618679,5.579639756812249
449,22266.85058670997,1350.378066535609,24472.855563110654,11000.0,-1.6026468293864125,1.0,162851229537.99103,168.265597557321,1.9601496866237151
450,18376.413722288802,1671.9427080291603,7059.155899602796,11000.0,-1.1543112230095978,1.0,421276466409.72217,210.4988457264213,12.088059504093337
451,13058.917345825259,805.1785175601302,7698.58697531211,11000.0,0.35282856379955474,1.0,105870187299.54057,176.51256968458497,17.576093231234495
452,12109.398182927422,967.9254327761106,15470.936963854918,11000.0,-1.5825445118165389,1.0,65499494606.42307,197.19985025306528,7.213971646325397
453,22403.93056900551,1674.3086736912476,12184.842522853793,11000.0,1.3156752425418712,1.0,128003835120.77997,161.59787741539802,18.481962476493198
454,10137.282741500714,560.6910352176083,10406.855413711834,11000.0,-1.5619875724660557,1.0,301213558626.33777,222.32063145567238,4.974661088944878
455,27916.849003748575,653.9762501936979,8092.803648618252,11000.0,0.5765642986981501,1.0,194939416309.41348,165.9417161257417,16.05084486032736
456,23439.69542831515,2684.850468460705,15541.26113984219,11000.0,0.12581633568402095,1.0,404463434317.79517,240.73480412281833,2.5288578582715004
457,19219.256808939823,691.7558788251472,20421.17364094191,11000.0,-1.8455827738711963,1.0,187486975636.79956,216.72334045167304,18.49558594096728
458,15156.029106054022,2534.047263750043,11604.455500186681,11000.0,-0.051938744221472266,1.0,233681917631.13748,238.88856802789667,4.259467815553105
459,18525.894703950587,686.103910800796,21392.237980697406,11000.0,-0.7234699612150681,1.0,238931324732.45877,193.76058965180908,3.9335646426797912
460,14947.664209902074,404.9163014987818,6409.905127964719,11000.0,1.9413766059343076,1.0,496793942847.5286,167.609893444734,4.531692558385769
461,14725.343682843275,1061.3251706156498,22305.53141590363,11000.0,-1.327640020785597,1.0,80293335614.52089,245.7059380081806,18.625499262347965
462,14091.120337866183,557.5931519197916,22543.342278636253,11000.0,-0.3587370493204616,1.0,296537573234.39935,217.76417748805332,0.9092614313249255
463,12364.162370846134,886.1422209421547,19911.52127230789,11000.0,-1.4859855371609956,1.0,210070700760.238,194.04447989654204,9.253671445876058
464,16246.112634435907,2471.8460089655778,22707.317364430102,11000.0,-1.367497350178835,1.0,73288655795.25095,186.6183004195608,10.976740685642257
465,20930.673988610855,713.4920329070344,8735.993427235575,11000.0,1.7002897380146287,1.0,346130017117.4535,233.3278633300877,12.707813729550326
466,18785.447991129025,2051.390245948616,20069.139130545787,11000.0,-1.0870612508462676,1.0,165344705221.7925,250.2690696295699,3.2515351518822753
467,19629.25362748027,2606.707702107559,11013.26957643402,11000.0,0.0007686694693589402,1.0,390012050722.49774,170.1947412764122,15.606991128780063
468,13502.201547784352,346.0041347766746,8196.280561014226,11000.0,-1.2031416255689646,1.0,170662969809.00943,225.70373484267247,0.6806126168437698
469,19969.580504344474,559.6016405477642,8598.62385963982,11000.0,-1.2548543471455638,1.0,360216659920.3974,198.03199230788863,10.424361533414709
470,16266.526784316502,360.3608978888087,16725.305001592063,11000.0,1.0527879190189435,1.0,401385935157.64825,243.20814677345427,7.995248548591085
471,20317.105037185218,2623.2268897130784,9496.738241498224,11000.0,-0.24252809260655672,1.0,441073223275.5348,234.65229397395478,8.812320849422163
472,11054.537258164357,1422.8059184298972,19650.045780756293,11000.0,0.02473170943045977,1.0,285417713156.87463,252.0970120159938,4.6337913694827675
473,22286.25747075805,2730.3200270062716,12540.680700701736,11000.0,-0.3846170943919267,1.0,453046423413.9231,174.4759651738765,6.495810418951796
474,17754.406221081386,2243.439529501855,11169.566523183823,11000.0,-0.37447499547109775,1.0,24229827230.58799,178.72218105528665,1.218827721394073
475,25208.153690026942,1539.0102265971439,18999.655024220938,11000.0,0.9254784008608392,1.0,449800392453.16425,182.87011558888517,17.421781102864777
476,24670.056828218512,2416.6758791444136,10003.961239970347,11000.0,1.9084576440206127,1.0,243778917499.11884,217.56782112940255,4.4226967238433295
477,22281.891864040306,2430.6384795863924,11846.543276301349,11000.0,0.7128235331239998,1.0,406303033780.5009,211.61432724957422,9.098687918344785
478,24993.185957194946,1989.7625840964718,7124.489943015058,11000.0,1.1831705443564444,1.0,164492329953.37506,219.7819266606731,9.292589790322443
479,24055.939451161972,1045.1062807178428,14574.871984598363,11000.0,-1.7492435958172714,1.0,329305000255.60474,207.51773156595942,6.185652607613001
480,25201.437421467257,312.93921321477205,13651.296671526577,11000.0,1.1955366897184136,1.0,195489985288.74365,167.14771678568965,2.630340243291393
481,18126.350232311917,1725.3956405137442,20115.962436300615,11000.0,1.2288200183199316,1.0,81581249404.14583,174.3793045715796,9.649986922364588
482,28140.53680604195,1365.3903955954177,18640.111118303936,11000.0,-1.7335693755932144,1.0,22388262144.50943,175.3848605714803,16.69693556008355
483,23595.14465896837,512.4556521725675,14118.94773901133,11000.0,-1.7307840421811882,1.0,377935991708.2083,188.04409493822058,17.41902468741211
484,20582.233311640237,2827.8966921313986,15388.54173441293,11000.0,1.8389326889861284,1.0,232798560706.09955,239.58495255163788,10.39360575486118
485,24801.54449820685,1307.8240080813744,23975.81938356729,11000.0,-0.7695968628495757,1.0,45371173472.4046,217.46442051730486,4.60250993476151
486,11596.665979643089,878.2463499862674,18597.682433102404,11000.0,-1.27953135458687,1.0,430774744883.0173,211.47384543733753,3.518283315778839
487,17188.021667107132,583.5087668674514,22755.581909793087,11000.0,-0.8398591675261002,1.0,446223519762.2204,229.86809039772834,1.685111144448826
488,12482.414395266422,2771.279018770107,8960.931020534797,11000.0,-0.5055897830871015,1.0,268181767795.45303,249.83405661028928,19.61467562086871
489,24645.701723020302,1908.956513999053,12851.570066496926,11000.0,1.0806798410634144,1.0,441713024902.2673,224.02011827340718,18.63024819811777
490,26224.88865162312,1927.4839332532702,17183.943762956886,11000.0,1.0472146402062585,1.0,478142303370.12964,190.61893282625903,11.582206501469383
491,27250.009411869654,2302.3865922632976,24077.244718494163,11000.0,1.4328498607062756,1.0,200050052948.82394,253.33104359872235,2.8458716921099856
492,14945.853690723841,1896.7450379089962,9604.378125491403,11000.0,0.15384792811210213,1.0,37668137885.03652,200.49299091667655,17.194810700743314
493,11484.305179629051,833.14256222658,12357.074090985214,11000.0,0.26707672708808783,1.0,217235351075.89514,241.5276140807128,9.98485073254044
494,22272.21701414382,1677.939108962677,23697.633752883845,11000.0,-1.7914258569906893,1.0,225787897451.42953,195.96269968168667,17.231254255007908
495,11523.274263970618,2783.6175868018017,15993.77280165242,11000.0,0.8183449282277921,1.0,293106832004.3101,237.18906999225533,4.756064440944141
496,10865.544501405031,1813.090418736285,11981.96493675494,11000.0,-0.592020919933351,1.0,279458513945.9586,248.12548197674124,17.991721351573133
497,13998.437635100356,1477.1542161738898,24424.504109750986,11000.0,0.9964456724809643,1.0,176731657267.26895,238.07812027460443,16.587932225643574
498,24330.07521483046,1428.3434716840557,12400.440714741186,11000.0,0.26875435145744797,1.0,85961115579.94202,215.6617769652867,4.815973863537411
499,26621.446276384137,2949.4856535031595,8032.396038837466,11000.0,-0.13971934716811685,1.0,359714780256.0259,237.33322565876418,5.211994274073096
